Index of Difficulty,Size (px),Distance (px)
4.446256229889564,30,327
Timestamp (s),Position X (px),Position Y (px)
44.23716830002377,1280,800
44.589878499973565,1280,799
44.59185939998133,1280,798
44.59285539999837,1280,797
44.59386490000179,1280,794
44.59518379997462,1280,792
44.59614420001162,1280,790
44.59684600000037,1280,786
44.59819270001026,1280,784
44.59932610002579,1280,783
44.599860800022725,1280,778
44.601211400004104,1280,776
44.6021572999889,1280,774
44.60285399999702,1280,770
44.60518239997327,1280,767
44.60585450002691,1280,762
44.60686260001967,1280,759
44.60816300002625,1281,758
44.60885249997955,1281,755
44.60984659998212,1281,752
44.61116939998465,1281,750
44.61184680002043,1281,748
44.612842399976216,1281,744
44.61414349998813,1281,742
44.61515809997218,1281,740
44.616164100007154,1281,737
44.617193699989,1281,735
44.618317499989644,1281,733
44.618863000010606,1281,730
44.620126500027254,1281,727
44.62085529998876,1282,724
44.62214120000135,1282,722
44.6228531000088,1282,720
44.624168600013945,1282,716
44.62516100000357,1282,713
44.62585489999037,1282,711
44.627153099980205,1282,707
44.628121500019915,1282,705
44.629162100027315,1282,701
44.630176200007554,1282,699
44.6308586000232,1282,696
44.631849900004454,1282,692
44.632867600012105,1282,685
44.634244800021406,1282,682
44.635181199992076,1282,679
44.63614830002189,1282,677
44.637166999978945,1282,674
44.63816989999032,1282,671
44.63887500000419,1282,668
44.640127199993,1282,666
44.640852399985306,1282,663
44.64216599997599,1282,660
44.643181000021286,1282,658
44.64383999997517,1282,655
44.6451715999865,1282,653
44.64616619999288,1282,651
44.64712069998495,1282,647
44.648142600024585,1282,645
44.64905369997723,1282,643
44.64986519998638,1282,639
44.65119409997715,1282,636
44.65215320000425,1282,635
44.653174499981105,1282,631
44.654173300019465,1281,628
44.65485579997767,1281,626
44.65616359998239,1281,623
44.656851799984,1281,620
44.657855800003745,1281,619
44.6590101000038,1280,616
44.66021190001629,1280,613
44.66114049998578,1279,612
44.6621574999881,1279,608
44.663140600023326,1278,606
44.663881100015715,1278,605
44.66485330002615,1278,603
44.66611310001463,1278,600
44.666896699985955,1277,599
44.66785839997465,1277,597
44.669221799995285,1277,595
44.67018840002129,1277,594
44.67085679998854,1277,591
44.672169199970085,1277,590
44.6728398000123,1277,589
44.673836199974176,1277,586
44.6748549999902,1277,585
44.6761757999775,1277,584
44.67716999998083,1277,582
44.67946670000674,1277,579
44.68027309997706,1277,578
44.68085050000809,1277,577
44.682152799970936,1277,576
44.682856099971104,1276,576
44.68420229997719,1276,574
44.68513360002544,1276,572
44.686181999975815,1276,571
44.68815770000219,1276,570
44.688901100016665,1276,569
44.69085419998737,1276,568
44.69214870000724,1276,567
44.6938581999857,1276,565
44.69648679997772,1276,564
44.700156999984756,1276,563
44.703157800016925,1276,562
44.70416349999141,1276,561
44.70719330001157,1276,560
44.708926299994346,1276,559
44.71616279997397,1276,558
44.72020829998655,1276,557
44.7283740999992,1276,556
44.73115270002745,1276,555
44.73314169998048,1276,554
44.73813329997938,1276,553
44.7411896000267,1276,552
44.7488822999876,1276,551
44.75114529998973,1276,550
44.75419890001649,1276,549
44.758175699971616,1276,548
44.759913499990944,1276,547
44.76617760001682,1276,546
44.76931409997633,1276,545
44.76985969999805,1276,544
44.77386120002484,1276,543
44.77812560001621,1276,542
44.786195900000166,1276,541
44.7931923000142,1276,540
44.79936020000605,1276,539
44.81787129997974,1276,538
44.82086510001682,1276,537
44.82715949998237,1276,536
44.83017119998112,1276,535
44.83314150001388,1276,534
44.83686929999385,1276,533
44.84018569998443,1276,532
44.84417240001494,1276,531
44.845160399971064,1276,530
44.848178900021594,1276,529
44.84986050002044,1276,528
44.85286639997503,1276,527
44.85719040001277,1276,526
44.85818919999292,1276,525
44.863171299977694,1276,524
44.86385790002532,1276,523
44.86687650001841,1276,522
44.8698661000235,1276,521
44.87222070002463,1276,520
44.87385630002245,1276,519
44.87715060001938,1276,518
44.878141699999105,1276,517
44.88085720001254,1276,516
44.881854599982034,1276,515
44.88586659997236,1276,514
44.887185300001875,1276,513
44.887856899993494,1276,512
44.89217519998783,1276,511
44.89328680001199,1276,510
44.897156100021675,1276,509
44.89937950001331,1276,508
44.90021420002449,1276,507
44.90216150000924,1276,506
44.90517909999471,1276,505
44.90817050001351,1276,504
44.909378900018055,1276,503
44.91031040000962,1276,502
44.91317539999727,1276,501
44.91416949999984,1276,500
44.917210999992676,1276,499
44.9188698999933,1276,498
44.920148200006224,1276,497
44.92285690002609,1276,496
44.923838299990166,1276,495
44.928172899992205,1276,494
44.92923210002482,1276,493
44.933167800016236,1276,492
44.934288599994034,1276,491
44.93717539997306,1276,490
44.94117700000061,1276,489
44.9451569999801,1276,488
44.95616150001297,1276,487
44.97019580000779,1276,486
45.116260799986776,1276,485
Index of Difficulty,Size (px),Distance (px)
4.446256229889564,30,327
Timestamp (s),Position X (px),Position Y (px)
45.671065800008364,1280,800
45.95806560001802,1280,801
45.95888549997471,1280,802
45.96085440000752,1280,803
45.96218420000514,1280,804
45.963861000025645,1280,805
45.965852900000755,1280,806
45.96719400002621,1280,808
45.96787759999279,1280,809
45.96890759997768,1280,810
45.97018519998528,1280,811
45.97086910001235,1280,812
45.9721819999977,1280,813
45.97285770002054,1280,814
45.974156000011135,1280,815
45.976159500016365,1280,817
45.977180999994744,1280,818
45.97935500001768,1280,819
45.980192799994256,1280,821
45.98186060000444,1279,822
45.98316549998708,1279,823
45.98384210001677,1278,824
45.98488840000937,1278,825
45.986167300026864,1278,827
45.98787130002165,1277,828
45.98886219999986,1277,830
45.99019229999976,1276,830
45.99086730001727,1275,832
45.991859500005376,1275,833
45.992858099984005,1275,834
45.99416599998949,1275,836
45.99616779998178,1274,838
45.99715800001286,1274,840
45.99814340000739,1273,840
45.998864600027446,1272,842
46.000177400012035,1272,844
46.001404499984346,1271,845
46.0018635999877,1271,846
46.003161299973726,1271,848
46.00416800001403,1271,849
46.00486639997689,1270,850
46.00615700002527,1270,851
46.006865600007586,1269,853
46.00815030001104,1269,855
46.00887520000106,1268,856
46.00985660002334,1268,857
46.01084689999698,1267,859
46.01185740000801,1267,860
46.01316460000817,1267,862
46.01418220001506,1267,864
46.01515719998861,1267,865
46.01614339998923,1266,867
46.01688609999837,1266,868
46.01787079998758,1265,870
46.01886549999472,1265,872
46.020155299978796,1265,873
46.02117089997046,1264,875
46.02214969997294,1264,877
46.023147200001404,1264,878
46.02414569997927,1263,880
46.02485899999738,1263,882
46.026173699996434,1263,883
46.02717549999943,1262,885
46.02818239998305,1262,886
46.029237999988254,1262,888
46.02986000000965,1261,891
46.030860500002746,1261,892
46.03215470002033,1261,894
46.032889000023715,1260,898
46.03422229998978,1260,899
46.035183599975426,1260,901
46.03614009998273,1259,908
46.03718320000917,1259,909
46.03787050000392,1258,912
46.03884739999194,1258,915
46.040146699990146,1258,916
46.040857399988454,1258,919
46.042143400001805,1258,920
46.04312609997578,1258,923
46.04414140002336,1257,926
46.045148900011554,1257,929
46.04614599997876,1256,930
46.04713730001822,1255,933
46.04815829999279,1254,936
46.04938649997348,1254,938
46.04991180001525,1253,941
46.05089770001359,1253,944
46.05217400001129,1252,946
46.052860800002236,1252,948
46.05417650000891,1251,951
46.05519310000818,1251,953
46.056173800025135,1250,955
46.057175200025085,1250,957
46.05786950001493,1250,959
46.059217799978796,1249,960
46.06015709997155,1249,963
46.060865800012834,1249,966
46.06315589998849,1248,968
46.064154500025325,1248,970
46.065335499995854,1248,972
46.06617250002455,1247,973
46.067146399989724,1247,974
46.068219600012526,1247,975
46.0692437000107,1247,978
46.070160100003704,1246,979
46.07085159997223,1246,980
46.07184099999722,1246,981
46.07285779999802,1246,982
46.07386730000144,1246,983
46.075157699990086,1245,984
46.0761754999985,1245,985
46.07717860001139,1245,986
46.07814509997843,1245,987
46.079238099977374,1245,988
46.08014889998594,1245,989
46.0813344999915,1245,990
46.082207900006324,1245,991
46.083150700025726,1245,992
46.08418070001062,1245,993
46.08518059999915,1245,995
46.08617919997778,1245,996
46.08818820002489,1245,998
46.08886090002488,1245,999
46.09014939999906,1245,1000
46.09085350000532,1245,1002
46.093175899994094,1245,1003
46.09386119997362,1245,1004
46.09517520002555,1245,1005
46.095862000016496,1245,1006
46.097359400009736,1245,1008
46.09886530000949,1245,1009
46.10015219997149,1245,1010
46.101222299970686,1244,1010
46.10185490001459,1244,1011
46.103151299990714,1244,1013
46.10513909999281,1244,1014
46.10615820001112,1244,1015
46.10785929998383,1244,1016
46.10919270000886,1244,1017
46.109855799993966,1244,1018
46.11215749999974,1244,1019
46.11286210000981,1244,1021
46.11485979997087,1244,1022
46.11617270001443,1244,1023
46.11919310002122,1244,1024
46.12013350002235,1244,1025
46.12085599999409,1244,1026
46.122858399990946,1244,1027
46.124177300021984,1244,1028
46.12615289998939,1244,1029
46.12885959999403,1244,1030
46.131156700022984,1243,1031
46.1341835000203,1243,1032
46.1351770000183,1243,1033
46.13886740000453,1243,1034
46.143189000023995,1243,1035
46.14986740000313,1243,1036
46.1561843000236,1243,1037
46.15719250001712,1243,1038
46.166218300000764,1243,1039
46.16718019999098,1243,1040
46.171192099980544,1243,1041
46.17519149999134,1243,1042
46.1773555999971,1243,1043
46.18018339999253,1243,1044
46.181213499978185,1243,1045
46.18515680002747,1243,1046
46.18618449999485,1243,1047
46.18787650001468,1243,1048
46.19118050002726,1243,1049
46.19185479998123,1243,1050
46.19385209999746,1243,1051
46.195164499979,1244,1052
46.19585279998137,1244,1053
46.197859700012486,1244,1054
46.20017419999931,1244,1055
46.20186700002523,1244,1057
46.20316969999112,1244,1058
46.20521759998519,1244,1059
46.20586420001928,1244,1060
46.20818860002328,1244,1061
46.20940110000083,1244,1062
46.21023620001506,1244,1063
46.21086869999999,1244,1064
46.212134499975946,1244,1065
46.21317629999248,1244,1066
46.215181900013704,1244,1067
46.21615870000096,1244,1068
46.21817549999105,1244,1070
46.21922480000649,1244,1071
46.22118880000198,1244,1073
46.22317800001474,1244,1074
46.22485890000826,1244,1076
46.22718079999322,1244,1077
46.228195999981835,1244,1078
46.22923429997172,1244,1079
46.23118479998084,1244,1080
46.23220510000829,1244,1081
46.234192300005816,1244,1082
46.23520609998377,1244,1083
46.23721489997115,1244,1084
46.24019340000814,1244,1085
46.24125510000158,1244,1086
46.244862299994566,1244,1087
46.24615010002162,1244,1088
46.24816100002499,1244,1089
46.25116739998339,1244,1090
46.253208499983884,1244,1091
46.26288539997768,1244,1092
46.26485959999263,1244,1093
46.27019419998396,1244,1094
46.27518769999733,1244,1095
46.276132399972994,1244,1096
46.28018389997305,1244,1097
46.2841780000017,1244,1098
46.29287150001619,1244,1099
46.29586549999658,1244,1100
46.29927929997211,1244,1101
46.30217989999801,1244,1102
46.303168900019955,1244,1103
46.31019410002045,1244,1104
46.31617090001237,1244,1105
46.321862799988594,1244,1106
46.32785970001714,1244,1107
46.33117510000011,1244,1108
46.335176300024614,1244,1109
46.3392329000053,1244,1110
46.342864500009455,1244,1111
46.3512320999871,1244,1112
46.35215619998053,1244,1113
46.35617330000969,1243,1113
46.356864299974404,1243,1114
46.36018319998402,1243,1115
46.3611627999926,1243,1116
46.37217230000533,1243,1117
46.37718140002107,1243,1118
46.38285850000102,1243,1119
46.38587679999182,1243,1120
46.38919169997098,1243,1121
46.39616120001301,1243,1122
46.39987389999442,1243,1123
46.41219240002101,1243,1124
46.414870199980214,1243,1125
46.41586519998964,1243,1126
46.42327309999382,1243,1127
46.42586700001266,1243,1128
46.43116310000187,1243,1129
46.43321789999027,1243,1130
Index of Difficulty,Size (px),Distance (px)
4.446256229889564,30,327
Timestamp (s),Position X (px),Position Y (px)
46.77154629997676,1280,800
46.89310059999116,1279,800
46.89886259997729,1278,800
46.90123830002267,1277,799
46.903868500026874,1277,798
46.90515309997136,1277,797
46.90715879999334,1276,796
46.90786969999317,1276,795
46.90918339998461,1276,794
46.91114420001395,1275,792
46.91218330000993,1275,791
46.913856099999975,1275,790
46.91513869998744,1274,789
46.91715579997981,1274,788
46.91820590000134,1274,787
46.91887270001462,1274,786
46.91985920001753,1274,785
46.920863799983636,1274,784
46.92186770000262,1274,783
46.92455090000294,1274,782
46.92517780000344,1274,781
46.92718930001138,1274,780
46.927873499982525,1274,778
46.92986520001432,1273,777
46.93115329998545,1273,776
46.93214970000554,1273,775
46.93285659997491,1273,774
46.93418069998734,1273,773
46.9348689999897,1273,772
46.936163800011855,1273,771
46.9368656000006,1273,769
46.937862600025255,1273,767
46.93917889997829,1273,766
46.94004539999878,1272,765
46.941257199971005,1272,764
46.942167399975006,1272,763
46.943163299991284,1272,761
46.94415009999648,1272,760
46.94516070000827,1272,759
46.94585289998213,1272,757
46.94715469999937,1272,756
46.94816799997352,1272,755
46.94885569997132,1272,753
46.950184800021816,1272,752
46.95115330000408,1272,750
46.95219929999439,1272,749
46.95316259999527,1272,747
46.95386700000381,1272,745
46.95515280001564,1272,744
46.955914699996356,1272,742
46.957191800000146,1272,741
46.95817270001862,1272,739
46.959148599999025,1272,737
46.95986260002246,1272,736
46.96087010001065,1272,734
46.96217150002485,1272,733
46.962868999980856,1272,731
46.96386120002717,1272,729
46.965161599975545,1272,728
46.966142799996305,1272,726
46.96716000000015,1272,725
46.968238100002054,1272,723
46.96919329999946,1272,721
46.970160000026226,1272,720
46.97092100000009,1272,718
46.972189699998125,1272,717
46.973157199972775,1272,715
46.97417539998423,1272,713
46.975866799999494,1272,711
46.97686410002643,1272,709
46.97814690001542,1272,708
46.97918069997104,1272,706
46.980189400026575,1272,705
46.981125799997244,1272,703
46.98217650002334,1272,701
46.98285789997317,1272,700
46.984171300020535,1272,698
46.98516069998732,1272,697
46.98617450002348,1272,695
46.9871725999983,1272,693
46.987871400022414,1272,692
46.98915560002206,1273,690
46.99037740001222,1273,689
46.99116309999954,1273,687
46.991861500020605,1273,685
46.99316319997888,1273,684
46.993862200004514,1273,682
46.995151499984786,1273,681
46.99586610001279,1273,679
46.997169699985534,1273,677
46.99786800000584,1273,676
46.99884890002431,1273,674
47.00017900002422,1273,673
47.0011815999751,1273,671
47.00229390000459,1273,669
47.002856399980374,1273,668
47.00386250001611,1273,666
47.005170300020836,1273,665
47.00617649999913,1273,663
47.00686520000454,1273,661
47.00815650000004,1273,660
47.009185799979605,1273,658
47.010167600004934,1273,657
47.011173799983226,1273,655
47.01186269999016,1273,652
47.01417889998993,1273,649
47.01513359998353,1273,648
47.015861199994106,1273,646
47.01714730000822,1273,645
47.01829069998348,1273,643
47.01918850000948,1273,641
47.0198662999901,1273,640
47.02085420000367,1273,638
47.02215909998631,1273,635
47.02315349999117,1273,634
47.02414170000702,1273,632
47.025172399997246,1273,631
47.02615719998721,1273,629
47.02714510000078,1273,627
47.02814289997332,1273,626
47.02914439997403,1273,624
47.029863799980376,1273,622
47.03114979999373,1273,620
47.03185249998933,1273,618
47.03390500001842,1273,616
47.03488679998554,1274,613
47.03616919997148,1274,612
47.03713329997845,1274,610
47.03888289997121,1274,605
47.0401564000058,1274,604
47.04113889997825,1274,603
47.04217279999284,1274,601
47.04317889997037,1274,600
47.0441223999951,1274,598
47.04486129997531,1274,597
47.046152400027495,1274,596
47.046867900004145,1274,594
47.04816469998332,1274,593
47.04932990000816,1274,591
47.05019480001647,1274,590
47.05117940000491,1274,589
47.051874099997804,1274,587
47.05315859999973,1274,586
47.05413529998623,1274,584
47.05515999998897,1274,583
47.056141400011256,1274,582
47.057169599982444,1274,580
47.05816349998349,1274,579
47.059168500010855,1274,576
47.06117180001456,1274,575
47.06185790000018,1274,574
47.063168600026984,1274,572
47.06413110002177,1274,571
47.065147300018,1274,570
47.066025600011926,1274,569
47.0672056999756,1274,568
47.06823319999967,1274,567
47.069178999983706,1274,565
47.07115009997506,1274,564
47.072183799988125,1275,562
47.07386070000939,1275,561
47.07516399997985,1275,559
47.0758627000032,1275,558
47.07714710000437,1275,557
47.07786760001909,1275,556
47.0798594999942,1275,555
47.08114449999994,1275,554
47.08233080001082,1275,553
47.08286089997273,1275,552
47.08386219997192,1275,551
47.086174399999436,1275,550
47.086869699996896,1275,549
47.088889400009066,1275,548
47.08986010000808,1275,547
47.09116160002304,1275,546
47.09317469998496,1275,545
47.094149700016715,1275,544
47.096178099978715,1275,543
47.09806490002666,1275,542
47.099237799993716,1275,541
47.100864099978935,1275,540
47.101892700011376,1275,539
47.10417830001097,1275,538
47.10715260001598,1275,537
47.108192300016526,1275,536
47.11400679999497,1275,535
47.11617240001215,1276,534
47.1178738999879,1276,533
47.120204899983946,1276,532
47.12219780002488,1276,531
47.12517860002117,1276,530
47.12816510000266,1276,529
47.13115279999329,1276,528
47.13215309998486,1277,528
47.13318750000326,1277,527
47.13417989999289,1277,526
47.13786149997031,1277,525
47.14087780000409,1277,524
47.14521859999513,1277,523
47.146349199989345,1277,522
47.147391900012735,1277,521
47.15115789999254,1277,520
47.15188830002444,1277,519
47.15386680001393,1277,518
47.157176000007894,1277,517
47.16020069998922,1277,516
47.16118200001074,1278,515
47.161898499995004,1278,514
47.16418319998775,1278,513
47.16614180000033,1278,512
47.1672010999755,1279,512
47.16924359998666,1279,511
47.17117619997589,1280,510
47.17315819999203,1280,509
47.175160599988885,1280,508
47.17586409999058,1280,507
47.178388400003314,1280,506
47.18016659998102,1280,505
47.180870899988804,1281,505
47.183185999980196,1281,504
47.18518510001013,1281,503
47.186207099992316,1281,502
47.19019150000531,1282,501
47.190870099992026,1282,500
47.19488359999377,1282,499
47.20519670000067,1282,498
47.20818690001033,1282,497
47.21287390001817,1282,496
47.21519130002707,1282,495
47.21585410000989,1283,495
47.216857700026594,1283,494
47.22216419997858,1283,493
47.22516289999476,1284,493
47.226365600014105,1284,492
47.2308747000061,1284,491
47.23186210001586,1285,491
47.23315390001517,1285,490
47.23385630000848,1285,489
47.23816850001458,1285,488
47.23987460002536,1285,487
47.24419439997291,1286,487
47.24517469998682,1286,486
47.24618770001689,1286,485
47.25023910001619,1286,484
47.25318310002331,1286,483
47.25387429998955,1287,483
47.255183600005694,1287,482
47.25831930001732,1287,481
47.261171100020874,1287,480
47.27389890002087,1287,479
47.33427920000395,1287,478
47.33936739998171,1287,477
47.34187150001526,1288,477
47.3431715000188,1288,476
47.34419099998195,1288,475
47.348193100013305,1289,474
47.348869399982505,1289,473
47.351856699970085,1290,472
47.356878000020515,1290,471
47.35984990000725,1290,470
47.39787859999342,1290,469
Index of Difficulty,Size (px),Distance (px)
4.446256229889564,30,327
Timestamp (s),Position X (px),Position Y (px)
47.719665199983865,1280,800
47.84810810000636,1280,801
47.85019680002006,1280,802
47.852226299990434,1280,804
47.85288690001471,1280,805
47.85415600001579,1280,806
47.85515590000432,1280,808
47.8561641999986,1280,809
47.85685600002762,1280,811
47.85786759998882,1280,813
47.85917559999507,1280,814
47.86012570001185,1280,816
47.86086339998292,1280,818
47.86217969999416,1280,819
47.86319419997744,1280,821
47.86416260001715,1280,823
47.864870199991856,1279,825
47.86715900001582,1279,827
47.869195399980526,1279,829
47.87017660000129,1279,831
47.87086470000213,1278,832
47.87216049997369,1278,834
47.873186099983286,1278,835
47.874177400022745,1278,836
47.8748682999867,1278,838
47.87617509998381,1278,839
47.87716879998334,1278,840
47.87815699999919,1278,842
47.87918819999322,1278,843
47.87986360001378,1277,845
47.88117409998085,1277,846
47.88187049998669,1277,847
47.88317450002069,1277,849
47.88413710001623,1277,850
47.88485580001725,1277,852
47.88586239999859,1277,853
47.887164500018116,1276,854
47.888187400007155,1276,856
47.88914440001827,1276,857
47.8901716999826,1276,859
47.89118520001648,1276,860
47.89185199997155,1276,862
47.89314880000893,1275,864
47.89487439999357,1275,866
47.895861299999524,1275,868
47.89717950002523,1275,869
47.89815179997822,1275,870
47.89915279997513,1275,871
47.900170999986585,1275,873
47.90086449997034,1275,874
47.90221989998827,1275,875
47.903179300017655,1275,877
47.90386530000251,1275,878
47.90515830001095,1274,879
47.906152200012,1274,881
47.90787019999698,1274,883
47.90916749997996,1274,885
47.91115070000524,1274,887
47.9128513999749,1274,889
47.91418269998394,1273,891
47.916179199994076,1273,893
47.91716010001255,1273,894
47.91786260000663,1273,896
47.9188760999823,1273,898
47.92019019997679,1272,899
47.921149600006174,1272,900
47.921869900019374,1272,902
47.924190199992154,1272,904
47.925864699995145,1271,906
47.92722060001688,1271,907
47.92824739997741,1271,908
47.92915300000459,1271,910
47.93018630001461,1271,911
47.93116480001481,1271,912
47.93215120001696,1271,914
47.93413970002439,1270,916
47.93522280000616,1270,917
47.9361955000204,1270,918
47.93686409998918,1270,919
47.93816889997106,1269,921
47.94029830000363,1269,923
47.94218539999565,1268,925
47.943187099997886,1268,926
47.94513429998187,1268,927
47.946179800026584,1268,929
47.94818509998731,1268,930
47.95017750002444,1268,932
47.95086570002604,1268,933
47.95188970002346,1268,934
47.95324190001702,1268,935
47.954186099988874,1267,935
47.955323299975134,1267,937
47.955876199994236,1267,938
47.95816580002429,1267,939
47.959496399969794,1267,940
47.96088019997114,1266,941
47.9618670999771,1266,942
47.96319709997624,1266,943
47.9652647000039,1266,944
47.96618899999885,1266,945
47.967162400018424,1266,946
47.96817050001118,1265,947
47.96928670001216,1265,948
47.97088649997022,1265,949
47.971867299987935,1265,950
47.97417000000132,1265,951
47.975197300023865,1265,952
47.975862200022675,1265,954
47.977220300002955,1265,955
47.978220299992245,1265,956
47.9792010000092,1264,958
47.98020629998064,1264,959
47.98118890001206,1264,960
47.98212749999948,1264,962
47.98286799999187,1264,963
47.98423330002697,1263,964
47.98523920000298,1263,965
47.98615349997999,1263,966
47.98722040001303,1263,967
47.988211299991235,1263,969
47.99016659997869,1263,970
47.991201900003944,1263,972
47.992268899979535,1262,973
47.992887899978086,1262,974
47.993891199992504,1262,976
47.99587959999917,1262,978
47.996865099994466,1262,979
47.99823660001857,1262,980
47.99888039997313,1262,982
47.99986799998442,1262,983
48.0008700999897,1262,984
48.00226580002345,1262,985
48.00320610002382,1262,987
48.00387229997432,1261,989
48.00623619998805,1261,991
48.00720150000416,1261,993
48.00816119997762,1261,994
48.0091645999928,1261,996
48.00987559999339,1260,996
48.01087330002338,1260,997
48.01220519997878,1260,999
48.013192099984735,1260,1000
48.014166600012686,1260,1002
48.015133299981244,1260,1003
48.01623670000117,1260,1004
48.01719869999215,1259,1005
48.018144999979995,1259,1006
48.01918439997826,1259,1008
48.02019150002161,1259,1009
48.02219529997092,1259,1010
48.02314970002044,1259,1011
48.025186999992,1259,1012
48.02619120001327,1259,1014
48.02816190000158,1259,1015
48.029146199987736,1259,1016
48.03018780000275,1259,1017
48.032180099980906,1259,1018
48.033176099997945,1259,1019
48.03527729999041,1259,1020
48.0372002000222,1259,1021
48.0381597999949,1259,1022
48.042196800000966,1259,1023
48.04318640002748,1259,1024
48.047189500008244,1259,1025
48.04814760002773,1259,1026
48.05288069997914,1259,1027
48.05527050001547,1259,1028
48.056204799970146,1259,1029
48.059209499973804,1259,1030
48.05985750001855,1259,1031
48.063180800003465,1259,1032
48.06416020001052,1259,1033
48.064865300024394,1259,1034
48.06817709997995,1259,1035
48.06926259997999,1259,1036
48.07122189999791,1259,1037
48.07187019998673,1259,1038
48.07322219997877,1259,1039
48.07490459998371,1259,1040
48.07655729999533,1259,1042
48.07857349998085,1259,1043
48.0789937999798,1259,1044
48.081749100005254,1259,1045
48.084015399974305,1259,1047
48.08593950001523,1259,1049
48.0883050999837,1259,1050
48.089902799983975,1259,1051
48.090928499994334,1259,1052
48.09327710000798,1259,1053
48.094282799982466,1259,1054
48.09623929997906,1259,1055
48.0973273999989,1259,1056
48.098324200022034,1259,1057
48.09987729997374,1259,1058
48.10118280001916,1259,1059
48.10295660002157,1259,1060
48.10423830000218,1259,1061
48.10521930002142,1259,1062
48.108874100027606,1259,1063
48.112206000019796,1259,1064
48.113881499972194,1259,1065
48.11520619998919,1259,1066
48.116164100007154,1259,1067
48.118185099971015,1259,1068
48.11923960002605,1259,1069
48.12288969999645,1259,1070
48.12447919999249,1259,1071
48.12492380000185,1259,1072
48.127877600025386,1259,1073
48.1311934000114,1259,1074
48.13521849998506,1259,1075
48.135890699981246,1259,1076
48.13719400000991,1259,1077
48.14020480000181,1259,1078
48.14321010001004,1259,1079
48.15094830002636,1259,1080
48.15289979998488,1259,1081
48.15622349997284,1259,1082
48.15689049998764,1259,1083
48.160384899994824,1259,1084
48.1641955000232,1259,1085
48.168203599983826,1259,1086
48.16922059998615,1259,1087
48.17316349997418,1259,1088
48.17615579999983,1259,1089
48.17787409998709,1259,1090
48.179150699987076,1259,1091
48.18187749997014,1259,1092
48.188856500026304,1259,1093
48.19015510001918,1259,1094
48.19219279999379,1259,1096
48.19286529999226,1259,1097
48.196862899989355,1259,1098
48.20015709998552,1259,1099
48.20219129999168,1259,1100
48.20320089999586,1259,1101
48.20415599999251,1259,1102
48.2061759000062,1259,1103
48.207183699996676,1259,1104
48.211159500002395,1259,1105
48.21218949998729,1259,1106
48.213171700015664,1259,1107
48.217159099993296,1259,1109
48.21816170000238,1259,1110
48.220162599987816,1259,1112
48.22187439998379,1259,1113
48.22322869999334,1259,1114
48.22616030002246,1259,1115
48.22785780002596,1259,1116
48.23017019999679,1259,1117
48.23217159998603,1259,1118
48.233186100027524,1259,1119
48.23418369999854,1259,1120
48.23718789999839,1259,1121
48.23819830000866,1259,1122
48.24187610001536,1259,1123
48.2431853999733,1259,1124
48.24415919999592,1259,1125
48.25086540001212,1259,1126
48.25720819999697,1259,1127
48.2722171000205,1259,1128
48.28730570001062,1259,1129
48.29316220001783,1259,1130
48.302879100025166,1259,1131
48.306880499992985,1259,1132
Index of Difficulty,Size (px),Distance (px)
4.446256229889564,30,327
Timestamp (s),Position X (px),Position Y (px)
48.653456299973186,1280,800
48.79888509999728,1280,799
48.801878799975384,1280,798
48.803216899978,1280,797
48.803870200004894,1280,796
48.80587560002459,1280,795
48.80686479998985,1280,794
48.8081952999928,1280,793
48.8092728999909,1280,792
48.81019240000751,1280,791
48.812164600007236,1280,790
48.81319949997123,1280,789
48.814159800007474,1280,788
48.81518909998704,1280,787
48.81618059996981,1280,786
48.81787119997898,1280,785
48.81893389998004,1280,784
48.82026240002597,1280,783
48.82086480001453,1280,782
48.82187189999968,1280,781
48.82314860000042,1280,780
48.825183400011156,1280,778
48.827196099970024,1280,776
48.82818670000415,1280,775
48.82920929999091,1280,774
48.83017370000016,1280,773
48.83114349999232,1280,772
48.83186510001542,1280,770
48.83314499998232,1280,769
48.83413859998109,1280,768
48.83514969999669,1280,766
48.83588899997994,1280,764
48.83818409999367,1280,762
48.839263600006234,1281,761
48.83987550000893,1281,757
48.84086679999018,1281,755
48.842187799979,1282,754
48.843152999994345,1282,753
48.84416199999396,1282,751
48.844868700020015,1282,750
48.846192999975756,1283,748
48.847167400002945,1283,746
48.84818779997295,1283,745
48.848854499985464,1283,743
48.850180400011595,1283,741
48.851143200008664,1283,739
48.85222729999805,1283,737
48.85286739998264,1283,736
48.85420429997612,1283,734
48.85517729999265,1283,732
48.85616560000926,1283,730
48.85687469999539,1283,727
48.858186699973885,1284,725
48.859189499984495,1284,724
48.86016139999265,1284,721
48.86117250000825,1284,719
48.861855200026184,1284,718
48.86318869999377,1284,714
48.86386639997363,1285,712
48.86616909998702,1285,709
48.867147999990266,1285,706
48.86815629998455,1285,705
48.86933999997564,1285,703
48.869896200019866,1285,700
48.87117830000352,1285,698
48.87221459997818,1285,697
48.87325439997949,1285,695
48.87386659998447,1286,691
48.87517590000061,1286,690
48.87586899998132,1286,689
48.87716029997682,1286,686
48.87786549999146,1286,684
48.87924209999619,1286,681
48.88014259998454,1286,678
48.88119350001216,1287,675
48.88415589998476,1287,669
48.88517409999622,1287,667
48.88588860002346,1287,664
48.88685990002705,1287,662
48.888205499970354,1287,660
48.88926969998283,1287,658
48.89018659997964,1287,655
48.8911659999867,1287,654
48.89219260000391,1287,651
48.893149800016545,1287,648
48.894165300007444,1287,647
48.89486850000685,1287,645
48.89618119999068,1287,643
48.89715520001482,1287,640
48.897868199972436,1288,638
48.89921359997243,1288,637
48.89987199997995,1288,633
48.90118360001361,1288,631
48.90187100000912,1288,630
48.90319859998999,1288,627
48.904161799990106,1288,624
48.90487059997395,1288,622
48.905865799984895,1288,620
48.9071971999947,1288,617
48.90817559999414,1288,615
48.909221999987494,1288,612
48.910174900025595,1288,610
48.911178199981805,1288,609
48.9118698000093,1289,605
48.91319300001487,1289,603
48.914188000024296,1289,602
48.915196700021625,1289,599
48.91586710000411,1289,595
48.91686779999873,1289,594
48.917865599971265,1289,591
48.918883199978154,1289,589
48.92020120000234,1289,588
48.921192199981306,1289,586
48.922171899990644,1289,583
48.92317710001953,1289,581
48.92387040000176,1289,580
48.92487980000442,1289,579
48.926209900004324,1289,576
48.926896499993745,1289,574
48.92923389998032,1289,572
48.930218799971044,1289,570
48.93118880002294,1289,568
48.93218220002018,1289,566
48.9338679999928,1289,563
48.93518959998619,1289,562
48.93623460002709,1289,560
48.93719859997509,1289,559
48.93818519997876,1289,558
48.9388758999994,1289,555
48.94015580002451,1289,554
48.94116819999181,1289,553
48.94216759997653,1289,552
48.94319129997166,1289,551
48.94386629998917,1289,548
48.945183900010306,1289,547
48.94615099998191,1289,546
48.947171000007074,1289,545
48.94816540001193,1289,544
48.94886549998773,1289,542
48.949866999988444,1289,540
48.95227090001572,1289,539
48.95322079997277,1289,538
48.95387690002099,1289,537
48.955181600002106,1289,535
48.95618390000891,1289,533
48.959230299980845,1289,532
48.96021669998299,1289,531
48.96117259998573,1289,529
48.96218440000666,1289,528
48.96413959999336,1289,527
48.965176000026986,1289,526
48.9661511000013,1290,525
48.96787829999812,1290,524
48.969295000017155,1290,522
48.97086719999788,1290,521
48.9718630000134,1290,520
48.97516869998071,1290,519
48.975873599993065,1290,518
48.977143299998716,1290,517
48.97919039998669,1290,516
48.98033320001559,1290,515
48.982181400002446,1290,514
48.98517770000035,1290,513
48.98621960001765,1290,512
48.987876800005324,1290,511
48.989206700003706,1290,510
48.99119259999134,1290,509
48.993876499996986,1290,508
48.997872499981895,1290,507
48.99887140002102,1291,507
48.99987210001564,1291,506
49.0031963000074,1291,505
49.00816379999742,1291,504
49.01087210001424,1291,503
49.01620209997054,1291,502
49.01897909998661,1291,501
49.02287569997134,1292,500
49.02887139999075,1292,499
49.0301767999772,1292,498
49.03517759998795,1292,497
49.03626889997395,1292,496
49.03914770000847,1292,495
49.042869099997915,1292,494
49.04587510001147,1292,493
49.04990069998894,1292,492
49.05218679999234,1293,491
49.053182300005574,1293,490
49.05916970001999,1293,489
49.062198199972045,1293,488
49.06286770000588,1294,488
49.06714769999962,1294,487
49.06787640001858,1294,486
49.06930159998592,1294,485
49.07519529998535,1294,484
49.07617199997185,1294,483
49.08018579997588,1294,482
49.083193200000096,1295,481
49.08620520000113,1295,480
49.09117369999876,1295,479
49.09317579999333,1295,478
49.09613710001577,1295,477
49.09887659997912,1295,476
49.103194599971175,1295,475
49.10387140000239,1295,474
49.1051667999709,1296,474
49.10618770000292,1296,473
49.10987430001842,1296,472
49.11086860002251,1296,471
49.113867299980484,1297,471
49.115182999987155,1297,470
49.1161632000003,1297,469
49.11717450001743,1297,468
49.12087340001017,1297,467
49.121859700011555,1297,466
49.12287710001692,1298,466
49.124873899971135,1298,465
49.12587490002625,1298,464
49.12713859998621,1298,463
49.127873399993405,1299,463
49.129178099974524,1299,462
49.13220029999502,1299,461
49.134160300018266,1300,461
49.13487329997588,1300,460
49.13624670001445,1300,459
49.13687879999634,1300,458
49.13885649997974,1300,457
49.14019329997245,1300,456
49.14216280000983,1300,455
49.14318299997831,1300,454
49.14616030000616,1300,453
49.1478713999968,1300,452
49.14913869998418,1301,451
49.15087249997305,1301,450
49.154187500011176,1301,449
49.15517019998515,1301,448
49.1582056999905,1302,447
49.16116730001522,1302,446
49.169204899983015,1303,446
49.182873699988704,1303,445
49.47390619997168,1303,446
49.475208699994255,1303,447
49.47922049998306,1304,447
49.47987400001148,1304,448
49.482205000007525,1304,449
49.483170000021346,1304,450
49.48520449997159,1305,450
49.48587670002598,1305,451
49.48887439997634,1305,452
49.49386930000037,1305,453
49.49687440000707,1305,454
49.50325030001113,1305,455
49.51318980002543,1306,456
49.51617169997189,1306,457
49.52288140001474,1306,458
49.52918369998224,1306,459
49.53816230001394,1306,460
49.566891200025566,1307,460
Index of Difficulty,Size (px),Distance (px)
4.446256229889564,30,327
Timestamp (s),Position X (px),Position Y (px)
49.987529499980155,1280,800
50.080101799976546,1280,801
50.083248600014485,1280,802
50.08488430001307,1280,803
50.08587000000989,1280,804
50.08718159998534,1280,805
50.08920480002416,1280,807
50.09020929998951,1279,808
50.09118510002736,1279,810
50.091873799974564,1278,811
50.09318999998504,1278,812
50.09388180001406,1278,814
50.09519119997276,1277,816
50.0961603000178,1277,817
50.097181599994656,1276,819
50.09919699997408,1275,823
50.10016929998528,1275,824
50.101185799983796,1275,825
50.10218330001226,1274,827
50.10289490001742,1274,828
50.10419829998864,1274,829
50.104879799997434,1274,831
50.10720989998663,1273,833
50.10820279998006,1273,834
50.109194400021806,1273,836
50.10987699998077,1273,837
50.111191499978304,1272,838
50.11217179999221,1272,841
50.11319459998049,1272,843
50.11387639999157,1272,845
50.11486560001504,1271,848
50.11586840002565,1270,851
50.11719429999357,1270,852
50.118187099986244,1270,855
50.11886930000037,1269,857
50.12024630000815,1269,858
50.121176499989815,1269,861
50.12187759997323,1268,864
50.12318729999242,1268,865
50.12388189998455,1268,867
50.12518159998581,1267,869
50.12587859999621,1267,871
50.12687600002391,1267,873
50.12788099999307,1267,875
50.129172099987045,1266,876
50.13021769997431,1266,878
50.13087639998412,1266,880
50.1321855999995,1265,881
50.13316610001493,1265,883
50.134155399980955,1265,885
50.13517079997109,1265,888
50.13587389996974,1264,889
50.137164400017355,1264,891
50.13787330000196,1264,892
50.13887369999429,1263,894
50.14019990002271,1263,895
50.141170700022485,1263,896
50.14188599999761,1263,898
50.14318369998364,1262,899
50.144172200001776,1262,901
50.146165399986785,1262,903
50.14788090001093,1261,905
50.149179000000004,1261,906
50.15023259998998,1261,907
50.1511694000219,1261,909
50.15290320001077,1261,911
50.15388840000378,1261,913
50.15618699998595,1261,915
50.1578717000084,1260,917
50.15919269999722,1260,918
50.16087169997627,1260,920
50.161874099983834,1260,922
50.16318069997942,1259,922
50.16387350001605,1259,923
50.16518000001088,1259,924
50.16618270002073,1259,925
50.167142099991906,1259,926
50.1681671999977,1258,927
50.16915909998352,1258,928
50.1701911999844,1258,929
50.17114709998714,1258,930
50.173184900020715,1258,932
50.17415420000907,1258,933
50.175194400013424,1257,933
50.176182899973355,1257,935
50.178193799976725,1257,937
50.17918119998649,1257,938
50.18087270000251,1257,941
50.18187809997471,1256,941
50.1828688000096,1256,942
50.184197499998845,1256,943
50.18485949997557,1256,945
50.18721880001249,1256,946
50.18789529998321,1255,947
50.19033509999281,1255,949
50.19116679998115,1255,950
50.19317069998942,1255,952
50.19416650000494,1255,953
50.196162200008985,1255,954
50.19687109999359,1254,956
50.20018749998417,1254,958
50.200871300010476,1254,959
50.202166499977466,1254,960
50.202920700015966,1254,961
50.204187499999534,1254,962
50.2051696999697,1253,962
50.205882099980954,1253,963
50.20721849997062,1252,964
50.20917390001705,1252,965
50.210203399998136,1252,966
50.21118560002651,1252,967
50.212855399993714,1252,968
50.21487139997771,1252,970
50.217186699970625,1252,971
50.218185400008224,1251,972
50.22020530002192,1251,973
50.221182900015265,1251,974
50.22317650000332,1251,975
50.22387270000763,1251,976
50.226877700013574,1251,977
50.22787220001919,1250,977
50.22887729998911,1250,978
50.22989519999828,1250,979
50.23187279998092,1250,980
50.234160399995744,1250,981
50.234859100019094,1250,982
50.2378704000148,1250,983
50.23918259999482,1250,984
50.24417020002147,1250,985
50.245176399999764,1250,986
50.246160199982114,1250,987
50.25119779998204,1250,988
50.251902499992866,1250,989
50.25419020000845,1250,990
50.255188399984036,1250,991
50.25618209998356,1250,992
50.25714599998901,1250,993
50.26019230001839,1250,994
50.26188140001614,1249,995
50.263164500007406,1249,996
50.26386619999539,1249,997
50.266193700022995,1249,998
50.266876699985005,1249,999
50.268882900010794,1249,1000
50.269906600005925,1249,1001
50.27121099998476,1248,1002
50.272162100009155,1248,1003
50.272868199972436,1248,1004
50.27419229998486,1248,1005
50.2761901000049,1247,1005
50.277195399976335,1247,1006
50.27787960000569,1247,1007
50.280191799975,1247,1009
50.28114269999787,1247,1010
50.284150500025135,1247,1011
50.28622240002733,1247,1012
50.28687670000363,1246,1012
50.28814999997849,1246,1013
50.289196599973366,1246,1014
50.290227800025605,1246,1015
50.29116740002064,1246,1016
50.29215589998057,1246,1017
50.29319250001572,1246,1018
50.29687850002665,1245,1019
50.29817369999364,1245,1020
50.30023320001783,1245,1021
50.30087360000471,1245,1022
50.30416990001686,1245,1023
50.30617009999696,1245,1024
50.31019799999194,1245,1025
50.31417520000832,1245,1026
50.31686239998089,1245,1027
50.31819879997056,1245,1028
50.325905599980615,1245,1029
50.32989039999666,1245,1030
50.33788230002392,1245,1031
50.342192200012505,1245,1033
50.34717470000032,1245,1034
50.34817249997286,1245,1035
50.35219170001801,1245,1036
50.353250099986326,1245,1037
50.356188700010534,1245,1038
50.35787509998772,1245,1039
50.35917160002282,1244,1040
50.36315220000688,1244,1041
50.36516859999392,1244,1042
50.36618160002399,1244,1043
50.36787900002673,1244,1044
50.368872400023974,1244,1045
50.370881300012115,1244,1046
50.37187339999946,1244,1047
50.37488700001268,1244,1048
50.3768785999855,1244,1049
50.379176900023594,1244,1050
50.38119069999084,1244,1051
50.38186999998288,1244,1052
50.38317849999294,1243,1053
50.38419289997546,1243,1054
50.38618480000878,1243,1055
50.39017089997651,1243,1056
50.3911766000092,1243,1057
50.392212499980815,1243,1058
50.39414659998147,1243,1059
50.39516710001044,1243,1060
50.39817549998406,1243,1061
50.401168100012,1243,1062
50.40186609997181,1243,1063
50.402991999988444,1242,1063
50.404175199975725,1242,1065
50.40689990000101,1242,1066
50.408877499983646,1242,1067
50.41117739997571,1242,1068
50.41487149999011,1242,1069
50.41587789996993,1242,1071
50.419884699978866,1242,1072
50.42089429998305,1242,1073
50.4261920999852,1242,1074
50.42688220000127,1242,1075
50.42988030001288,1242,1076
50.43217260000529,1242,1077
50.43320909998147,1242,1078
50.43388269998832,1241,1078
50.43520740000531,1241,1079
50.43821009999374,1241,1080
50.43918919999851,1241,1081
50.44118929997785,1241,1082
50.443885100015905,1241,1083
50.445878400001675,1240,1084
50.44687280000653,1240,1085
50.44788019999396,1240,1086
50.45087780000176,1240,1087
50.45216300000902,1240,1088
50.45519279997097,1240,1089
50.45630540000275,1240,1090
50.45720669999719,1240,1091
50.45987690001493,1240,1092
50.46087750000879,1240,1093
50.46387669997057,1240,1094
50.465171799995005,1240,1095
50.466185199969914,1240,1096
50.46917080000276,1240,1097
50.4702638000017,1239,1099
50.472206600010395,1239,1100
50.47288369998569,1239,1101
50.476168799970765,1239,1102
50.47819829999935,1239,1103
50.47916930000065,1239,1104
50.48118920001434,1239,1105
50.48219399998197,1239,1106
50.48487520002527,1239,1107
50.48829670000123,1239,1108
50.48920780001208,1239,1109
50.49419890000718,1239,1110
50.49487819999922,1239,1111
50.49887750000926,1239,1112
50.50015889998758,1238,1112
50.50326480000513,1238,1113
50.50723950000247,1238,1114
50.510200800024904,1238,1115
50.51388370001223,1238,1116
50.517865400004666,1238,1117
50.520888999977615,1238,1118
50.52487949997885,1237,1118
50.52686280000489,1237,1119
50.529875900014304,1237,1120
50.534163300006185,1237,1121
50.544180100027006,1237,1122
50.549473999999464,1237,1123
50.56221619999269,1237,1124
50.5680413999944,1237,1125
50.57422399998177,1237,1126
50.576879500004,1236,1126
Index of Difficulty,Size (px),Distance (px)
4.446256229889564,30,327
Timestamp (s),Position X (px),Position Y (px)
50.97383620002074,1280,800
51.15910270001041,1280,799
51.15989010001067,1280,798
51.1632069000043,1280,797
51.16388910001842,1280,796
51.165883300011046,1280,795
51.166875800001435,1280,794
51.16818099998636,1280,793
51.17029330000514,1280,792
51.172213200014085,1280,791
51.17320139997173,1280,790
51.174176100001205,1280,789
51.17487300001085,1280,788
51.176880199986044,1280,787
51.17787369998405,1280,785
51.18023589998484,1280,784
51.18117789999815,1280,783
51.18319980002707,1280,781
51.18422210001154,1280,780
51.186195700021926,1280,779
51.18724190001376,1280,778
51.1882163999835,1280,777
51.18915160000324,1280,776
51.18987130001187,1280,774
51.19219889998203,1280,773
51.19318729999941,1280,772
51.19386910001049,1280,771
51.194879100017715,1280,770
51.19616340001812,1280,769
51.19688140001381,1280,767
51.19787719997112,1280,766
51.19915579998633,1280,765
51.19989250000799,1280,764
51.201145600003656,1280,762
51.2021778000053,1280,761
51.20287759997882,1281,760
51.20390060002683,1281,759
51.20519549999153,1281,757
51.2062027999782,1281,755
51.20688070001779,1282,754
51.20816969999578,1282,752
51.209195900009945,1282,751
51.21000319998711,1282,749
51.21087870001793,1283,747
51.211885199998505,1283,746
51.21287899999879,1283,744
51.21417009999277,1283,742
51.214871699979994,1283,741
51.21587890002411,1284,739
51.21687429997837,1284,736
51.21814589999849,1284,735
51.21919269999489,1284,733
51.21988769999007,1284,732
51.221221500018146,1285,729
51.22220409999136,1285,726
51.22289129998535,1285,725
51.224164200015366,1285,722
51.2251632999978,1285,720
51.225872999988496,1285,719
51.22715380002046,1285,716
51.22818360000383,1285,714
51.22919360001106,1285,713
51.23020809999434,1285,710
51.23088180000195,1285,709
51.23188699997263,1285,707
51.23316200001864,1285,704
51.233865200018045,1286,703
51.234882200020365,1286,701
51.23615060001612,1286,699
51.23689050000394,1286,697
51.23788460000651,1286,695
51.23888050002279,1286,694
51.24018010002328,1286,692
51.24117240001215,1286,689
51.242216199985705,1287,688
51.243186399980914,1287,687
51.24418610002613,1287,684
51.2451881999732,1287,683
51.24616789998254,1287,681
51.247167100023944,1287,680
51.24820809997618,1287,679
51.24916870001471,1287,677
51.24989129998721,1287,674
51.250877999991644,1287,673
51.25189189997036,1287,672
51.25317400001222,1287,669
51.254218799993396,1287,667
51.2551902999985,1288,667
51.255885099992156,1288,665
51.25717649998842,1288,664
51.258199899981264,1288,662
51.25917360000312,1288,660
51.26088080002228,1288,659
51.26221379998606,1288,657
51.26320599997416,1288,656
51.2641781999846,1288,654
51.265884899999946,1288,653
51.26720469997963,1288,651
51.26916959998198,1288,648
51.271185700024944,1288,647
51.272203899978194,1288,645
51.27316839998821,1289,644
51.27418479998596,1289,642
51.27517149999039,1289,640
51.277143299987074,1289,639
51.278198799991515,1289,638
51.27887819998432,1289,636
51.28015439998126,1289,634
51.28221380000468,1289,633
51.28318089997629,1289,632
51.28388240002096,1290,630
51.28517390001798,1290,629
51.286192999978084,1290,627
51.28790090000257,1290,625
51.29024689999642,1290,624
51.29118599998765,1290,622
51.29188009997597,1290,621
51.29316649999237,1290,619
51.293869099987205,1290,618
51.295192899997346,1290,617
51.296177299984265,1290,616
51.2971727999975,1290,615
51.29817700001877,1291,613
51.29919069999596,1291,612
51.2999157999875,1291,611
51.30119999998715,1291,610
51.30219939997187,1291,608
51.30320179997943,1291,607
51.30420489999233,1291,606
51.30515590001596,1291,605
51.305858200008515,1291,604
51.3068801999907,1291,603
51.30816890002461,1291,602
51.30917349999072,1291,601
51.30988359998446,1291,600
51.31117100000847,1291,599
51.31216969998786,1291,598
51.31286429997999,1291,597
51.31415190000553,1291,596
51.314884199993685,1292,593
51.31618480000179,1292,592
51.31687869998859,1292,591
51.31820139999036,1292,590
51.3191639999859,1292,589
51.3202635999769,1292,588
51.3211870000232,1292,587
51.322205499978736,1292,586
51.323177799989935,1292,585
51.32388280000305,1292,584
51.325164399982896,1292,583
51.32618959998945,1292,582
51.32718159997603,1292,581
51.32887720002327,1292,579
51.33017259999178,1292,578
51.33220070000971,1292,576
51.33288190001622,1292,575
51.33519850001903,1292,574
51.33620530000189,1292,572
51.33819530002074,1292,571
51.339173800020944,1292,570
51.341182000003755,1292,569
51.342179199971724,1292,567
51.345885700022336,1292,566
51.34719689999474,1292,565
51.349165600026026,1292,564
51.34988829999929,1292,562
51.35220379999373,1292,561
51.35319290001644,1292,560
51.35490019997815,1292,559
51.35616460000165,1292,558
51.35718120000092,1292,557
51.35887439997168,1292,556
51.36088799999561,1292,555
51.36219389998587,1292,554
51.36515760002658,1292,553
51.36616969999159,1292,552
51.36919489997672,1292,551
51.36990719998721,1292,550
51.37119979999261,1292,549
51.374203599989414,1292,548
51.37717659998452,1292,547
51.37817619997077,1293,546
51.38216869998723,1293,545
51.38317129999632,1293,544
51.384872899972834,1293,543
51.38619390001986,1293,542
51.38790029997472,1293,541
51.38988440000685,1293,540
51.39116759999888,1293,539
51.39287899999181,1293,538
51.394170699990354,1293,537
51.39618039998459,1293,536
51.39814820000902,1293,535
51.399924399971496,1293,534
51.4022012000205,1294,534
51.40318209998077,1294,533
51.40425520000281,1294,532
51.40787360002287,1294,531
51.40919039997971,1294,530
51.41088819998549,1294,529
51.412876299989875,1294,528
51.41488090000348,1294,527
51.419151499983855,1294,526
51.42024299997138,1294,525
51.42089589999523,1295,524
51.424161300004926,1295,523
51.42617519997293,1295,522
51.42988090001745,1296,521
51.43318609998096,1296,520
51.43417760002194,1296,519
51.439194899983704,1296,518
51.44388989999425,1297,517
51.4522121999762,1297,516
51.45318309997674,1297,515
51.45587639999576,1297,514
51.461215600022115,1297,513
51.46319510001922,1297,512
51.470906600006856,1297,511
51.473885599989444,1297,510
51.47788540000329,1297,509
51.4828823999851,1297,508
51.4858944999869,1297,507
51.491897900006734,1297,506
51.4948903999757,1298,506
51.496175899985246,1298,505
51.51289529999485,1298,504
51.52720539999427,1298,503
51.56391640001675,1299,503
51.56719139998313,1299,502
51.58220489998348,1299,501
51.58791679999558,1299,500
51.598895200004335,1299,499
51.605887999990955,1299,498
51.61190020001959,1299,497
51.61818759999005,1299,496
51.62422569998307,1299,495
51.62719620001735,1300,495
51.62887469999259,1300,494
51.63219149998622,1300,493
51.63417550001759,1300,492
51.63924940000288,1301,491
51.64017339999555,1301,490
51.645200399972964,1301,489
51.646179499977734,1301,488
51.64932000002591,1301,487
51.654231399996206,1301,486
51.65517739998177,1302,486
51.65619820001302,1302,485
51.65720319998218,1303,485
51.65989680000348,1303,484
51.66120700002648,1303,483
51.66218009998556,1303,482
51.66520310001215,1303,481
51.66633129998809,1304,480
51.669292200007476,1304,479
51.67189009999856,1304,478
51.67322260001674,1304,477
51.6759325999883,1304,476
51.67818320001243,1304,475
51.68118299997877,1305,475
51.682888699986506,1305,474
51.68517830001656,1305,473
51.688262399984524,1305,472
51.692261999996845,1305,471
51.693263399996795,1305,470
51.693880199978594,1306,470
51.69619569997303,1306,469
51.69989240000723,1306,468
51.707883999974,1306,467
51.711227699997835,1306,466
51.71821199997794,1306,465
51.724897200008854,1307,465
Index of Difficulty,Size (px),Distance (px)
4.446256229889564,30,327
Timestamp (s),Position X (px),Position Y (px)
52.0407005000161,1280,800
52.19691850000527,1280,801
52.19788970000809,1280,802
52.200213800009806,1280,803
52.20120519999182,1280,804
52.202882800018415,1280,806
52.204278699995484,1280,807
52.204890199995134,1281,808
52.206210599979386,1281,809
52.207209400017746,1281,810
52.208893699978944,1281,811
52.20996529998956,1281,813
52.210896599979606,1282,813
52.21220780001022,1282,815
52.21287139999913,1282,816
52.214880499988794,1282,818
52.21689029998379,1282,820
52.21819769998547,1282,821
52.21987019997323,1282,823
52.22090070002014,1282,824
52.22220969997579,1283,825
52.22288989997469,1283,826
52.223886399995536,1283,827
52.22516179998638,1283,828
52.226183200022206,1283,830
52.22733959998004,1284,830
52.227869700000156,1284,832
52.229168999998365,1284,834
52.230878499976825,1284,835
52.232202299986966,1284,836
52.233202299976256,1285,837
52.23419410001952,1285,839
52.235872499994,1285,841
52.23719870002242,1285,842
52.238211399992,1285,843
52.2388907999848,1285,844
52.240245199995115,1286,845
52.24119949998567,1286,846
52.2418923000223,1286,848
52.24320289999014,1287,849
52.244181199988816,1287,850
52.24487070000032,1287,852
52.24615969997831,1288,853
52.246888800000306,1288,854
52.2478716999758,1288,856
52.24919790000422,1289,856
52.25018610002007,1289,858
52.251882900018245,1289,860
52.252880899992306,1289,861
52.254220800008625,1289,862
52.25489440001547,1289,863
52.256208800012246,1289,864
52.25719069998013,1289,865
52.257890600012615,1289,866
52.25927199999569,1289,867
52.2601770000183,1289,869
52.26088509999681,1289,870
52.26288160000695,1289,871
52.264175300020725,1290,872
52.26517199998489,1290,873
52.26617590000387,1290,874
52.267174699984025,1290,875
52.269200499984436,1290,876
52.26993080001557,1290,877
52.271245200012345,1290,878
52.27188329998171,1291,879
52.273175599984825,1291,880
52.27417180000339,1291,881
52.27518029999919,1291,882
52.275882599991746,1291,883
52.27787910000188,1291,884
52.27916999999434,1291,886
52.28115739999339,1291,887
52.28220150002744,1291,889
52.28419490001397,1291,890
52.28519399999641,1291,892
52.287243800004944,1291,893
52.28789610002423,1291,894
52.289206099987496,1291,895
52.290286500006914,1291,896
52.29123550001532,1291,897
52.292184700025246,1292,898
52.29288500000257,1292,899
52.29387940000743,1292,900
52.29516540002078,1292,901
52.29619839997031,1292,903
52.298178699973505,1292,905
52.299981000018306,1292,907
52.30089760001283,1292,908
52.30317879997892,1292,910
52.30425829999149,1292,911
52.30489580001449,1293,912
52.30588569998508,1293,913
52.30721180001274,1293,914
52.30788550002035,1293,915
52.309169200016186,1293,917
52.311198299983516,1293,919
52.31187779997708,1293,920
52.312885500025004,1293,921
52.314195699989796,1293,923
52.31620240001939,1293,925
52.31715969997458,1293,927
52.31894770002691,1293,929
52.320908900001086,1293,931
52.32220459997188,1293,933
52.32420869998168,1293,935
52.326179899973795,1293,937
52.32719109999016,1293,939
52.328882800007705,1293,940
52.330157799995504,1293,941
52.33114919997752,1294,942
52.33217100001639,1294,944
52.33288379997248,1294,945
52.33488119998947,1294,946
52.336162300023716,1294,947
52.33789760002401,1294,949
52.33929079998052,1294,951
52.341202299983706,1294,952
52.34219779999694,1294,953
52.34320800000569,1294,954
52.34418559999904,1294,956
52.345170599990524,1294,957
52.3468943000189,1294,958
52.348180799977854,1294,959
52.35018120001769,1294,960
52.35119959997246,1294,961
52.35188009997364,1294,962
52.3531947999727,1294,963
52.35420840000734,1294,964
52.356888799986336,1294,965
52.358884699991904,1294,966
52.359879399999045,1294,967
52.36188520002179,1294,968
52.36288450000575,1294,970
52.36586730001727,1294,971
52.36818679998396,1294,972
52.37189369997941,1294,973
52.373222000023816,1294,974
52.3742012999719,1294,975
52.37515919998987,1294,976
52.376872699998785,1294,977
52.3798769999994,1294,978
52.38289210002404,1294,979
52.38419509999221,1294,980
52.38619900000049,1294,981
52.38726150000002,1294,982
52.389199499972165,1294,983
52.38989120000042,1294,984
52.39189349999651,1294,985
52.395879000017885,1294,986
52.39717389998259,1294,987
52.39819590002298,1294,988
52.399457600025926,1294,989
52.40023189998465,1294,990
52.403182499983814,1294,991
52.403960899973754,1294,992
52.405871899973135,1294,993
52.40688909997698,1294,995
52.409895799995866,1294,996
52.41217730002245,1294,997
52.413189099985175,1294,998
52.414876999973785,1294,1000
52.41617420001421,1294,1001
52.417202099983115,1294,1002
52.41815300000599,1294,1003
52.42020459997002,1294,1004
52.42317219998222,1294,1005
52.42416649998631,1294,1007
52.425187000015285,1294,1008
52.426170799997635,1294,1009
52.42949110001791,1294,1010
52.42995169997448,1294,1011
52.43118429998867,1294,1012
52.43218300002627,1294,1013
52.43318950000685,1294,1014
52.43415350001305,1294,1015
52.436183599988,1294,1016
52.437270499998704,1294,1017
52.43925659998786,1294,1019
52.440185600018594,1294,1020
52.44119969999883,1294,1021
52.44215299998177,1294,1022
52.444168300018646,1294,1023
52.44588359998306,1294,1024
52.44818010000745,1293,1026
52.448882600001525,1293,1027
52.449914299999364,1293,1028
52.45115269999951,1293,1029
52.45317779999459,1293,1030
52.4551797999884,1293,1031
52.45620369998505,1293,1032
52.45688780001365,1293,1033
52.45815780002158,1293,1034
52.45988470001612,1293,1035
52.461157499987166,1293,1036
52.46217660000548,1293,1037
52.46517659997335,1293,1039
52.46721279999474,1293,1040
52.46819849999156,1293,1041
52.468888800009154,1293,1042
52.47189330001129,1293,1043
52.47288389998721,1293,1045
52.47520350001287,1293,1046
52.47587540000677,1293,1047
52.47991290001664,1293,1048
52.481178499991074,1293,1049
52.481877900019754,1293,1050
52.48419920000015,1293,1051
52.48520489997463,1293,1052
52.48616299999412,1292,1052
52.486881599994376,1292,1053
52.487908600014634,1292,1054
52.490228899987414,1292,1055
52.49088800000027,1292,1056
52.49220219999552,1292,1057
52.49420870002359,1292,1058
52.49519589997362,1292,1059
52.49917899997672,1292,1060
52.50018219999038,1292,1061
52.50117890001275,1292,1062
52.50317929999437,1292,1063
52.50427309999941,1292,1065
52.5081830000272,1292,1066
52.50917680002749,1292,1067
52.51116509997519,1292,1068
52.51220280001871,1292,1069
52.5141561999917,1292,1070
52.516201700025704,1292,1071
52.51716990000568,1292,1072
52.51788120000856,1291,1072
52.52090579998912,1291,1073
52.5218968000263,1291,1074
52.52389090001816,1291,1075
52.52489040000364,1291,1076
52.52617620001547,1291,1077
52.528160299989395,1290,1077
52.52918229997158,1290,1078
52.53018780000275,1290,1079
52.53219810000155,1290,1080
52.53317780001089,1290,1081
52.535191699978895,1290,1082
52.537157999991905,1290,1084
52.539173000026494,1290,1085
52.54119139997056,1289,1085
52.542209499981254,1289,1086
52.543179199972656,1289,1087
52.545175899984315,1289,1088
52.546162499987986,1289,1089
52.54917229997227,1289,1090
52.54989000002388,1288,1090
52.55116580001777,1288,1091
52.553945299994666,1288,1092
52.556174999976065,1288,1093
52.55687680002302,1288,1094
52.55917740002042,1288,1095
52.562206399976276,1288,1096
52.56488640001044,1288,1097
52.569203999999445,1287,1098
52.57022519997554,1287,1099
52.571896700013895,1287,1100
52.5732078999863,1287,1101
52.57620469998801,1287,1102
52.587207600008696,1287,1103
52.590405200026,1287,1104
52.601188600005116,1287,1105
52.60691079997923,1287,1106
52.63000140001532,1287,1107
52.657907199987676,1287,1108
52.6692629000172,1287,1109
52.68926160002593,1287,1110
52.69522619998315,1287,1111
52.701221199997235,1287,1112
52.71126299997559,1287,1113
52.722220700001344,1287,1114
52.75124120002147,1287,1115
52.75424759997986,1287,1116
52.758911499986425,1287,1117
52.76420400000643,1287,1118
52.76521799998591,1287,1119
52.774228500027675,1287,1120
52.78089059999911,1287,1121
52.784183499985375,1287,1122
52.80020210001385,1287,1123
Index of Difficulty,Size (px),Distance (px)
4.446256229889564,30,327
Timestamp (s),Position X (px),Position Y (px)
53.15549259999534,1280,800
53.29920760000823,1280,799
53.300280200026464,1280,798
53.30321939999703,1279,797
53.3052536000032,1279,796
53.30620779999299,1279,795
53.3072269000113,1278,795
53.30821609997656,1278,793
53.30888029997004,1278,792
53.31089099997189,1278,791
53.311892899975646,1278,790
53.3132053000154,1278,789
53.31418470002245,1278,788
53.315201900026295,1278,787
53.317194400005974,1278,786
53.31821300002048,1277,785
53.319314799970016,1277,784
53.32018689997494,1277,783
53.320908199995756,1277,782
53.321898599970154,1277,781
53.32389659999171,1277,779
53.32621809997363,1277,777
53.32717850001063,1277,776
53.328203000011854,1277,775
53.32921170000918,1277,774
53.33018649998121,1277,773
53.331204499991145,1277,771
53.332211199973244,1276,769
53.33418210002128,1276,767
53.33517879998544,1276,765
53.33588600001531,1276,764
53.33717900002375,1276,762
53.33828269998776,1276,761
53.33889030001592,1276,759
53.34020929998951,1276,757
53.3411867999821,1276,756
53.34189119999064,1276,754
53.34319769998547,1276,753
53.34420160000445,1276,752
53.345180200005416,1276,750
53.34587989997817,1276,748
53.34720740001649,1276,746
53.348208600014914,1276,745
53.34929729998112,1276,743
53.35018950002268,1276,742
53.35116219997872,1276,740
53.35219639999559,1276,738
53.35316599998623,1276,737
53.35418139997637,1276,735
53.35490310000023,1276,734
53.35621399997035,1276,732
53.35688460001256,1276,730
53.358184700016864,1276,729
53.35924919997342,1276,727
53.3598816000158,1276,725
53.36088330001803,1276,724
53.362192899978254,1276,722
53.363178199972026,1276,721
53.36388520000037,1276,719
53.36488220002502,1276,717
53.365890500019304,1276,716
53.367183699971065,1276,714
53.36820789997,1276,713
53.36889159999555,1276,711
53.36989460000768,1276,709
53.37223179999273,1277,707
53.37288989999797,1277,706
53.37423319998197,1277,704
53.37489269999787,1277,703
53.37588920001872,1277,702
53.37717049999628,1277,700
53.37821120000444,1277,697
53.380193800025154,1277,695
53.38318679999793,1277,693
53.38388480001595,1277,692
53.385213000001386,1277,691
53.38620930002071,1277,690
53.38689439999871,1277,689
53.3878913000226,1277,688
53.3888966999948,1277,687
53.389890199992806,1277,686
53.391187399975024,1277,685
53.39219520002371,1277,682
53.39418850000948,1278,681
53.39518609998049,1278,680
53.395880300027784,1278,679
53.39718119997997,1278,677
53.39788659999613,1278,675
53.399289899971336,1279,674
53.40024490002543,1279,673
53.401203499990515,1279,672
53.40187539998442,1279,671
53.40286799997557,1279,670
53.404176599986386,1279,669
53.40627620002488,1280,668
53.408203099970706,1280,667
53.4101771999849,1280,666
53.41088520002086,1280,664
53.41318729997147,1280,663
53.41420840000501,1280,662
53.41520240000682,1280,661
53.41821360000176,1280,660
53.419246900011785,1280,659
53.42121489997953,1280,658
53.422309799992945,1280,657
53.42522530001588,1280,656
53.42588789999718,1280,654
53.43021179997595,1280,653
53.43089269998018,1280,651
53.432881199987605,1280,650
53.43418949999614,1280,649
53.43518029997358,1281,648
53.43621100002201,1281,647
53.43831070000306,1281,645
53.43998249998549,1281,644
53.44230559997959,1281,643
53.444893900013994,1281,641
53.446184500004165,1282,640
53.44889050000347,1282,639
53.45020239998121,1282,638
53.452204899978824,1282,637
53.45288160000928,1282,636
53.45488779997686,1282,635
53.4561820999952,1282,634
53.45822299999418,1282,632
53.460223499976564,1282,631
53.460893200011924,1282,630
53.46420990000479,1282,629
53.464882600004785,1282,628
53.46621009998489,1282,627
53.466881899978034,1282,626
53.46789099997841,1282,625
53.46917779999785,1282,624
53.471891699999105,1282,623
53.47320180002134,1282,622
53.475214799982496,1282,620
53.47687389998464,1282,619
53.47788899997249,1283,619
53.47924850002164,1283,618
53.47990709997248,1283,617
53.48188689997187,1283,616
53.48417780001182,1283,615
53.485203200019896,1283,614
53.48720490001142,1283,613
53.48790230002487,1283,612
53.49122309999075,1283,610
53.49187740002526,1283,609
53.49621279997518,1283,608
53.49717440002132,1283,607
53.498888099973556,1283,606
53.50020700000459,1283,605
53.50221750000492,1283,604
53.505881900026,1283,603
53.50722199998563,1283,602
53.511212299985345,1283,601
53.51219929999206,1283,600
53.513200299988966,1283,599
53.51720100000966,1283,598
53.519203300005756,1283,597
53.52222609997261,1283,596
53.52320990001317,1283,595
53.52521499997238,1283,594
53.5301868999959,1283,593
53.53321040002629,1283,592
53.538251299993135,1283,591
53.541901600023266,1283,590
53.54317159997299,1284,589
53.54488519998267,1284,588
53.54619849997107,1284,587
53.5478874000255,1284,586
53.552201899990905,1284,585
53.55287080002017,1284,584
53.55518879997544,1285,584
53.55721739999717,1285,583
53.55789220001316,1285,582
53.55916160001652,1285,581
53.561209000006784,1285,580
53.562898300006054,1285,579
53.56487830000697,1285,578
53.56688579998445,1285,576
53.56888420000905,1285,575
53.57016990002012,1285,574
53.574200099974405,1285,573
53.575203599990346,1285,572
53.576183299999684,1285,571
53.5781831999775,1285,570
53.579168599972036,1285,569
53.580890999990515,1285,568
53.5822028000257,1285,567
53.58288940001512,1285,566
53.58418860001257,1286,566
53.58617810002761,1286,564
53.58825319999596,1286,563
53.58922259998508,1286,561
53.59089529997436,1286,560
53.5921828999999,1287,559
53.59288640000159,1287,558
53.59488470002543,1287,557
53.59618039999623,1287,556
53.599172300018836,1287,555
53.60089280002285,1287,554
53.60218270000769,1287,553
53.60388010001043,1288,552
53.60526009998284,1288,551
53.60718290001387,1288,550
53.60788819997106,1288,549
53.610200299997814,1288,548
53.61388209997676,1288,547
53.61489550000988,1288,546
53.615895199996885,1288,545
53.61821809998946,1288,544
53.618888499971945,1288,543
53.6222010999918,1288,542
53.623889399983454,1288,541
53.62516629998572,1289,541
53.6268873999943,1289,540
53.62888309999835,1289,539
53.6302122999914,1289,538
53.6321794000105,1289,537
53.633207999984734,1289,536
53.63619160000235,1290,535
53.63824000000022,1290,534
53.63917209999636,1290,533
53.64019880001433,1290,532
53.64218470000196,1290,531
53.64318319997983,1290,530
53.645178899983875,1290,529
53.64739890000783,1290,528
53.65018419997068,1290,527
53.650887799973134,1290,526
53.65320260002045,1290,525
53.65419660002226,1290,524
53.65489940001862,1291,523
53.65721560001839,1291,522
53.65921150002396,1291,521
53.66188809997402,1291,520
53.663190399995074,1291,519
53.66419619997032,1291,518
53.66719509998802,1292,518
53.66789169999538,1292,517
53.668888800020795,1292,515
53.67123119998723,1292,514
53.672223999979906,1292,513
53.67521419998957,1292,511
53.67721220001113,1293,510
53.6788958000252,1293,509
53.68018020002637,1293,508
53.682161499978974,1293,507
53.68416120001348,1293,506
53.68518710002536,1293,505
53.68825070001185,1293,504
53.690242299984675,1293,503
53.69121110002743,1293,502
53.69217649998609,1293,501
53.69519569998374,1293,500
53.69718820002163,1293,499
53.69788990000961,1293,498
53.70120760001009,1294,497
53.70319530001143,1294,496
53.70389329997124,1294,495
53.70919480000157,1294,494
53.7122186999768,1294,493
53.714181200019084,1294,492
53.715215599979274,1294,491
53.71589089999907,1294,490
53.71715480001876,1295,490
53.718155000009574,1295,489
53.71888579998631,1295,488
53.72222789999796,1295,487
53.723889900022186,1295,486
53.725182500027586,1295,485
53.726912099984474,1295,484
53.72818440000992,1295,482
53.73321189999115,1295,481
53.73418309999397,1295,480
53.735186300007626,1295,479
53.736206499976106,1295,478
53.737196400004905,1295,477
53.73888880002778,1295,476
53.74121070001274,1295,475
53.74320819997229,1295,474
53.74489289999474,1295,473
53.74689489998855,1295,472
53.74888989998726,1295,471
53.750212499988265,1295,470
53.75188370002434,1295,469
53.755237000004854,1295,468
53.75690219999524,1296,467
53.75989520002622,1296,466
53.76188790000742,1296,465
53.763884700019844,1296,464
Index of Difficulty,Size (px),Distance (px)
4.446256229889564,30,327
Timestamp (s),Position X (px),Position Y (px)
54.10836209997069,1280,800
54.30213680001907,1280,801
54.30325320002157,1280,802
54.304909400001634,1280,803
54.30589760001749,1280,804
54.309238100016955,1280,805
54.31022370001301,1280,807
54.31228309997823,1280,808
54.313185099978,1280,810
54.314895000017714,1280,811
54.31588519999059,1280,813
54.3182031000033,1280,814
54.31928300001891,1280,815
54.320206800010055,1280,816
54.32118009997066,1280,817
54.3222395000048,1280,818
54.322890600014944,1280,819
54.32420779997483,1280,820
54.32520229998045,1280,821
54.32588120002765,1280,822
54.32724359998247,1280,823
54.32930119999219,1280,825
54.33021689997986,1280,826
54.3322077000048,1280,828
54.33288930001436,1280,829
54.334178999997675,1280,830
54.335176300024614,1280,831
54.3361718999804,1280,832
54.337201500020456,1280,833
54.33787649997976,1280,835
54.339902199979406,1280,837
54.34087419998832,1280,838
54.34221269999398,1280,839
54.34317700000247,1280,841
54.34488869999768,1280,843
54.34619050001493,1280,844
54.34718059998704,1280,845
54.34818819997599,1280,846
54.34930349997012,1280,847
54.350171500002034,1280,849
54.35118659998989,1280,850
54.352207600022666,1280,851
54.35288540000329,1280,852
54.354217700019944,1280,853
54.3552566000144,1280,854
54.356195500004105,1280,855
54.356894699973054,1280,856
54.35819499997888,1280,857
54.359305799996946,1280,859
54.36118850001367,1280,862
54.36222670000279,1280,863
54.36321290000342,1280,864
54.364203099976294,1280,865
54.36489000002621,1280,866
54.36587270000018,1280,867
54.36716520000482,1280,868
54.367886600026395,1280,869
54.36927219998324,1280,871
54.37089249998098,1280,873
54.37221389997285,1280,874
54.373173300002236,1280,875
54.37388319999445,1280,876
54.37488860002486,1280,877
54.37589949998073,1280,878
54.37717910000356,1280,879
54.377893699973356,1280,881
54.379291200020816,1280,882
54.37988530000439,1280,883
54.38087059999816,1280,885
54.3818934999872,1280,886
54.3831834999728,1280,888
54.38417859998299,1280,890
54.38620730000548,1280,892
54.38720140000805,1280,894
54.38827639998635,1280,896
54.39019449998159,1280,897
54.39124069997342,1280,900
54.39218429999892,1280,902
54.39320950000547,1280,903
54.394203300005756,1280,904
54.39520650001941,1280,906
54.39621759997681,1280,908
54.396887900016736,1280,909
54.39818080002442,1280,911
54.39888100000098,1279,912
54.399887899984606,1279,915
54.40120710001793,1279,917
54.4032079000026,1279,919
54.40388250001706,1279,920
54.405317900003865,1279,923
54.40590200002771,1279,924
54.40724650002085,1279,925
54.407888900022954,1279,927
54.40930870000739,1279,928
54.40989619999891,1279,931
54.410887599980924,1279,932
54.41220959997736,1279,933
54.41288760001771,1279,936
54.41416939999908,1279,938
54.41518609999912,1278,939
54.41587799997069,1278,940
54.4172111999942,1278,942
54.418191400007345,1278,945
54.4192466000095,1278,946
54.420210500014946,1278,947
54.42119790002471,1278,950
54.42190150002716,1278,952
54.42341980000492,1278,953
54.4241862000199,1278,958
54.42521289997967,1278,960
54.42589339998085,1278,961
54.4272115000058,1277,963
54.4278997000074,1277,966
54.42927520000376,1277,968
54.43023330002325,1277,970
54.43089369998779,1277,972
54.432208199985325,1276,974
54.43287030002102,1276,976
54.43416220002109,1276,978
54.43521069997223,1276,980
54.43617749999976,1276,983
54.437196400016546,1276,984
54.43825260002632,1276,986
54.438900500012096,1276,989
54.4400279999827,1276,990
54.44119089999003,1276,992
54.441889700014144,1274,995
54.44288819999201,1274,996
54.444175600016024,1274,1000
54.44519110000692,1274,1003
54.447169599996414,1274,1004
54.44821010000305,1274,1005
54.44921519997297,1274,1007
54.45018829999026,1274,1008
54.45119460002752,1274,1009
54.45218060002662,1274,1011
54.45420189999277,1274,1013
54.45543869998073,1274,1014
54.457190299988724,1274,1015
54.458191699988674,1273,1017
54.458882400009315,1273,1018
54.45988620002754,1273,1019
54.4611996000167,1273,1020
54.46319079998648,1273,1021
54.46420659997966,1273,1022
54.46588500001235,1273,1024
54.4672093000263,1273,1025
54.46789640001953,1273,1026
54.46917629998643,1273,1027
54.47123710002052,1273,1028
54.47228190000169,1273,1029
54.47320880001644,1273,1031
54.474894499988295,1273,1032
54.4758911000099,1273,1033
54.47718019998865,1273,1034
54.47921919997316,1273,1035
54.479888000001665,1273,1037
54.48188819998177,1273,1038
54.48289440001827,1273,1039
54.48617639997974,1273,1040
54.48731429997133,1273,1041
54.48924600001192,1272,1043
54.49089399998775,1272,1044
54.49289619998308,1272,1045
54.494224400026724,1272,1046
54.495181199978106,1272,1047
54.49620769999456,1272,1048
54.4981557999854,1271,1049
54.499214500014205,1271,1050
54.50120559998322,1271,1051
54.502180100011174,1271,1052
54.504185499972664,1271,1053
54.505314800015185,1271,1054
54.50620170001639,1271,1055
54.50718060001964,1271,1056
54.508175599970855,1271,1057
54.510169800021686,1271,1058
54.51089179998962,1271,1059
54.5122080000001,1271,1060
54.513217300002,1271,1061
54.514194099989254,1271,1063
54.51589169999352,1271,1064
54.51688640000066,1271,1065
54.51821110001765,1271,1066
54.51924049999798,1271,1067
54.520207300025504,1271,1069
54.52222400001483,1271,1070
54.52288940001745,1271,1071
54.52489539998351,1271,1072
54.52718949998962,1271,1074
54.52918860001955,1271,1075
54.531149699992966,1271,1076
54.532204999995884,1271,1077
54.53417699999409,1270,1077
54.535175499971956,1270,1078
54.53690100001404,1270,1079
54.5382412999752,1270,1080
54.5399070000276,1270,1081
54.541163499990944,1270,1082
54.54521740000928,1269,1083
54.54589070001384,1269,1084
54.54821169999195,1269,1085
54.55122239998309,1269,1086
54.55290349997813,1269,1087
54.5562409000122,1269,1088
54.5588979999884,1269,1089
54.56118219997734,1269,1090
54.56520329997875,1269,1091
54.56790030002594,1269,1092
54.57322269998258,1269,1093
54.57719250000082,1269,1094
54.59519279998494,1269,1095
54.59888800000772,1268,1095
54.599929100018926,1268,1096
54.60188009997364,1268,1097
54.60821689997101,1268,1098
54.60989830002654,1268,1099
54.61418610002147,1268,1100
54.616895899991505,1268,1101
54.62118949997239,1268,1102
54.62621790001867,1268,1103
54.628224799991585,1268,1104
54.63320629997179,1268,1105
54.63620680000167,1268,1106
54.63925940002082,1268,1107
54.64694850001251,1268,1108
54.65191740001319,1268,1109
54.662229600013234,1268,1110
54.66721919999691,1268,1111
54.67317959998036,1268,1112
54.683222500025295,1268,1113
54.68892749998486,1268,1114
54.69723230000818,1268,1115
54.69988169998396,1268,1116
54.70320270000957,1268,1117
54.70690340001602,1268,1118
54.709915500017814,1268,1119
54.71690070000477,1268,1120
54.72291050001513,1268,1121
54.72542690002592,1267,1121
54.733195499982685,1267,1122
54.79725399997551,1267,1123
54.80091099999845,1267,1124
54.806205999979284,1267,1125
54.80824300000677,1267,1126
54.81289790000301,1266,1126
54.81817139999475,1266,1127
Index of Difficulty,Size (px),Distance (px)
4.446256229889564,30,327
Timestamp (s),Position X (px),Position Y (px)
55.05634509999072,1280,800
55.25008650001837,1280,799
55.25132360000862,1280,798
55.252196400018875,1280,796
55.25319349998608,1280,795
55.253902499971446,1280,794
55.255241099977866,1280,792
55.25622659997316,1280,791
55.25722989998758,1280,790
55.25788799999282,1280,788
55.25931380002294,1280,787
55.2602584999986,1280,786
55.260897399974056,1280,784
55.26217890001135,1281,783
55.26289219997125,1281,781
55.26420630002394,1281,780
55.26520919997711,1281,779
55.26621580001665,1281,777
55.26689530001022,1282,777
55.26789540000027,1282,775
55.26890020002611,1282,773
55.271214200009126,1282,771
55.27230369998142,1282,770
55.27322719997028,1282,769
55.27387879998423,1282,767
55.276214300014544,1283,765
55.27688159997342,1283,764
55.278190799988806,1283,763
55.278879899997264,1283,761
55.28020249999827,1283,760
55.281211099994835,1283,759
55.28188369999407,1283,757
55.28390400001081,1284,755
55.28521010000259,1284,754
55.286177499976475,1284,752
55.287199300015345,1284,751
55.28822170000058,1284,750
55.288904100016225,1284,748
55.28989840002032,1284,747
55.29118880000897,1284,746
55.29220179998083,1284,744
55.292896099970676,1285,743
55.293893399997614,1285,741
55.294890900026076,1285,739
55.296890800003894,1285,737
55.2978966999799,1285,735
55.29925280000316,1285,733
55.29989760002354,1285,731
55.30219159997068,1286,730
55.30318649997935,1286,728
55.30421109998133,1286,727
55.3052064999938,1286,724
55.30723219999345,1286,723
55.308233999996446,1286,721
55.308889299980365,1286,720
55.30988379998598,1286,719
55.31120930000907,1286,718
55.31217699998524,1286,717
55.314243300003,1286,715
55.31518799997866,1286,714
55.31620549998479,1286,713
55.31717230001232,1286,712
55.31789770000614,1286,711
55.32019489997765,1286,710
55.321208900015336,1286,709
55.322248800017405,1287,708
55.32289190002484,1287,707
55.32389150001109,1288,706
55.3262081000139,1288,705
55.32789670000784,1288,704
55.32925730000716,1288,703
55.33120469999267,1288,702
55.3322208999889,1288,701
55.33288750000065,1288,700
55.33619280002313,1288,699
55.33820800000103,1289,698
55.34189470001729,1289,697
55.343207099998835,1289,696
55.34425109997392,1289,695
55.34617109998362,1289,694
55.3478771999944,1290,693
55.352166199998464,1290,692
55.35417190002045,1290,691
55.358245600014925,1291,689
55.359198999998625,1291,688
55.361167300026864,1291,687
55.36317869997583,1291,686
55.36420020001242,1291,685
55.36721029999899,1291,684
55.3688968999777,1292,682
55.371166399971116,1292,681
55.37233390001347,1292,680
55.37523509998573,1293,679
55.37689249997493,1293,678
55.379168100014795,1293,677
55.38020569999935,1294,677
55.38120960001834,1294,676
55.382198599982075,1294,675
55.38489629997639,1295,673
55.387892099970486,1295,672
55.390904999978375,1296,672
55.39189530001022,1296,671
55.393183499982115,1296,670
55.393891800020356,1296,669
55.3981841999921,1296,668
55.39923159999307,1297,668
55.40021260001231,1297,667
55.41020689997822,1297,666
55.4162238999852,1297,665
55.41689009999391,1298,665
55.42194139998173,1298,664
55.43126949999714,1299,664
55.4342327999766,1299,663
55.436897700012196,1299,662
55.4394358000136,1300,662
55.440904000017326,1300,661
55.44389360002242,1301,660
55.444885200005956,1302,660
55.447180500021204,1302,659
55.44919130002381,1303,659
55.451182599994354,1304,658
55.453220100025646,1304,657
55.45423670002492,1305,657
55.45625079999445,1306,656
55.459202600002754,1307,655
55.46018130000448,1308,654
55.46189159998903,1309,654
55.46420669998042,1310,653
55.46515569998883,1311,653
55.46589509997284,1312,651
55.46789339999668,1313,651
55.46919029997662,1314,650
55.4702011999907,1315,649
55.47119130002102,1316,649
55.473210100026336,1317,648
55.47421349998331,1317,647
55.47520769998664,1319,647
55.475899400014896,1320,646
55.478181199985556,1321,645
55.478894100000616,1323,644
55.48020569997607,1323,643
55.48118850000901,1324,643
55.4832052999991,1325,642
55.48417770001106,1326,641
55.48488870001165,1327,641
55.48620560002746,1328,641
55.4871870999923,1328,640
55.488217599981,1329,640
55.489197199989576,1331,639
55.48989289999008,1331,638
55.49120719998609,1332,638
55.49218870000914,1333,637
55.49318869999843,1334,636
55.49489179998636,1335,635
55.496179200010374,1337,634
55.49718860001303,1338,634
55.49815669999225,1339,633
55.49920379999094,1340,633
55.50020760000916,1340,632
55.50118939997628,1342,631
55.502194300002884,1344,630
55.502893200027756,1345,629
55.504199300019536,1346,629
55.50517080002464,1347,628
55.5062114999746,1348,627
55.50720619998174,1349,626
55.50816779996967,1351,626
55.509222400025465,1352,626
55.51021279999986,1353,625
55.51119240000844,1354,623
55.512209000007715,1356,622
55.51317539997399,1357,622
55.514194099989254,1359,621
55.51488829997834,1360,621
55.516209699970204,1361,620
55.51720689999638,1363,618
55.518162699998356,1365,618
55.51888739998685,1366,616
55.52019820001442,1367,616
55.52089629997499,1370,615
55.52222410001559,1372,615
55.52289500000188,1373,614
55.52389369998127,1375,613
55.52520179998828,1378,612
55.5258936000173,1379,612
55.52721009997185,1381,611
55.52789859997574,1384,610
55.52887149999151,1387,609
55.53120560001116,1390,608
55.532200500019826,1392,608
55.53318919998128,1394,607
55.53388790000463,1396,607
55.53489309997531,1396,606
55.53628719999688,1400,606
55.539323000004515,1404,605
55.54021639999701,1405,605
55.54118609998841,1407,604
55.54319579998264,1409,603
55.54420369997388,1410,602
55.54617960000178,1412,602
55.5471684000222,1413,602
55.54820570000447,1414,601
55.549188299977686,1415,601
55.55021860002307,1415,600
55.550892299972475,1417,600
55.55190309998579,1418,599
55.554182299994864,1419,599
55.555201400013175,1420,599
55.55590600002324,1421,599
55.55789519997779,1422,599
55.558879300020635,1423,599
55.56019920000108,1423,598
55.5611867000116,1424,598
55.56221020000521,1425,598
55.5632000999758,1426,597
55.565196299983654,1427,597
55.56588940002257,1428,597
55.5682665000204,1428,596
55.568886400025804,1429,595
55.57017449999694,1431,594
55.57319359999383,1432,594
55.5741828000173,1433,594
55.5759058999829,1434,593
55.57789790001698,1435,593
55.579177399980836,1436,592
55.58017179998569,1437,592
55.581170900026336,1438,592
55.582210000022314,1439,592
55.583890500012785,1440,591
55.58518270001514,1441,591
55.586189099994954,1441,590
55.58818139997311,1443,589
55.589243500027806,1445,589
55.59220509999432,1446,588
55.5929005999933,1447,588
55.594207099988125,1447,587
55.59489210002357,1448,587
55.59620799997356,1449,587
55.59721229999559,1450,587
55.598177600011695,1451,587
55.59889129997464,1452,587
55.60089529998368,1453,586
55.60220500000287,1454,586
55.602901500009466,1455,585
55.605208299995866,1457,585
55.606205600022804,1458,584
55.608176600013394,1459,584
55.608881999971345,1460,583
55.60989060002612,1461,583
55.611192999989726,1462,582
55.61220759997377,1463,582
55.612895099970046,1464,582
55.61517210002057,1466,582
55.61718080000719,1467,581
55.618181900004856,1468,581
55.62021109997295,1469,581
55.62118010001723,1470,580
55.62224589998368,1471,580
55.62323359999573,1472,580
55.624181999999564,1474,579
55.625888900016434,1475,579
55.627201099996455,1476,579
55.628203900007065,1477,579
55.629207300022244,1477,578
55.6302387000178,1478,577
55.63119240000378,1479,577
55.63388979999581,1480,576
55.63589009997668,1481,576
55.63717900001211,1482,576
55.64016389998142,1483,576
55.641182099992875,1484,576
55.645155299978796,1484,575
55.64589689997956,1485,575
55.64791790000163,1486,575
55.654202200006694,1487,574
55.65690830000676,1488,574
55.662178999977186,1489,574
55.672288900008425,1490,574
55.676903999992646,1491,574
55.68222949997289,1491,573
55.68389330001082,1492,573
55.68689329997869,1493,573
55.691228799987584,1494,573
55.692903999995906,1494,572
55.69789970002603,1495,572
55.701184800011106,1496,572
55.70919429999776,1497,572
55.70990730001358,1498,572
55.71421329997247,1499,572
55.72323220001999,1500,572
55.727196599997114,1501,572
55.74290439998731,1502,572
55.7492070000153,1503,572
55.751895699999295,1504,572
55.756212799984496,1505,572
55.75790570001118,1506,572
55.7638966999948,1507,572
55.76822430000175,1508,572
55.770188399998005,1509,572
55.773199199989904,1510,572
55.774165700015146,1511,572
55.777904900023714,1512,572
55.77918730000965,1513,573
55.781898399989586,1514,573
55.78420769999502,1515,574
55.786206700024195,1516,574
55.786891900002956,1517,575
55.7878884000238,1518,575
55.78925249999156,1519,576
55.79221599997254,1521,576
55.792904099973384,1522,576
55.79420740000205,1523,576
55.795179400010966,1525,576
55.797212600009516,1526,577
55.79819940001471,1527,577
55.79889789997833,1528,577
55.800182199978735,1530,578
55.80117659998359,1531,578
55.80189830000745,1531,579
55.803152600012254,1532,579
55.803883099986706,1533,579
55.80489420000231,1534,579
55.805936600023415,1534,580
55.80720239999937,1535,581
55.807901999971364,1537,581
55.81117369997082,1538,582
55.81317779998062,1539,582
55.81517630000599,1540,583
55.81620920001296,1541,583
55.81816650001565,1542,583
55.819174300006125,1543,584
55.81996870000148,1544,584
55.82228480000049,1545,585
55.82289780001156,1546,585
55.82422010001028,1546,586
55.82520459999796,1547,586
55.82589769997867,1548,586
55.82721269998001,1549,586
55.82816839998122,1549,587
55.830165299994405,1550,588
55.83120949997101,1551,588
55.83321579999756,1552,588
55.83389210002497,1553,588
55.835178299981635,1554,588
55.836212199996226,1554,589
55.83818710001651,1554,590
55.8392805000185,1555,590
55.842178800026886,1556,590
55.84289740002714,1556,591
55.84620869997889,1557,591
55.84687880001729,1557,592
55.84922400000505,1558,592
55.84997510001995,1559,592
55.85090590000618,1559,593
55.85418159997789,1560,593
55.85922109999228,1561,594
55.8641947999713,1561,595
55.86890419997508,1562,595
55.87420810002368,1563,595
55.87522699998226,1563,596
55.87890369998058,1564,596
55.89220230001956,1565,596
55.90626139997039,1566,596
55.91290320002008,1566,597
55.91689990001032,1567,597
55.919907599978615,1568,597
55.92322779999813,1568,598
55.923901100002695,1569,598
55.92790239996975,1570,598
55.932909000024665,1571,598
55.937190799973905,1571,599
55.9399574000272,1571,600
55.94089660001919,1572,600
55.946899299975485,1573,601
55.954177399980836,1574,601
55.95529010001337,1574,602
55.95721040002536,1575,602
55.959291799983475,1576,603
55.9632037000265,1577,603
55.96521549997851,1578,603
55.96621019998565,1578,604
55.969185499998275,1578,605
55.9712136000162,1578,606
55.97223850002047,1579,606
55.97519760002615,1580,607
55.97720169997774,1580,608
55.97789989999728,1581,608
55.98218049999559,1582,608
55.984902299998794,1583,609
55.98936020000838,1583,610
55.991903999994975,1583,611
55.99690109997755,1584,611
55.99790309998207,1584,612
56.00118570000632,1584,613
56.00289270002395,1585,613
56.006305399991106,1585,614
56.010193500027526,1586,614
56.01118550001411,1586,615
56.017182099982165,1586,616
56.01989769999636,1587,616
56.02390819997527,1588,617
56.02722819999326,1588,618
56.02988170000026,1589,619
56.03221410000697,1589,620
56.03290140000172,1590,620
56.03489120001905,1590,621
56.037216799973976,1591,621
56.039906200021505,1591,622
56.042200300027616,1591,623
56.04419540002709,1592,623
56.04489840002498,1592,624
56.04621020000195,1593,625
56.049509899981786,1593,626
56.049883499974385,1594,626
56.05118299997412,1594,627
56.05318500002613,1594,628
56.05421759997262,1595,628
56.05690460000187,1595,629
56.058167800016236,1596,629
56.05892699997639,1596,630
56.061203800025396,1596,631
56.06320179998875,1596,632
56.06589730002452,1597,633
56.06907119997777,1598,634
56.06991869997,1598,635
56.07216869998956,1598,636
56.0749053999898,1599,637
56.07719440001529,1599,638
56.07821499998681,1600,638
56.0802357000066,1601,639
56.08191110001644,1601,640
56.08389690000331,1601,641
56.08621879998827,1601,642
56.08719420002308,1602,642
56.088167699985206,1602,643
56.09020540001802,1603,643
56.09091109997826,1603,644
56.091909100010525,1603,646
56.095217299996875,1603,647
56.096346999984235,1604,647
56.09690160001628,1604,648
56.098199800006114,1604,649
56.09892780001974,1605,649
56.10016540001379,1606,649
56.10122050001519,1606,650
56.1021982000093,1606,651
56.10626740002772,1606,652
56.107194099982735,1607,653
56.109896400012076,1607,654
56.11236209998606,1608,655
56.114237100002356,1608,656
56.121200900000986,1608,657
56.123214600025676,1608,658
56.1268873999943,1609,658
56.12928079999983,1609,659
56.13320430001477,1609,660
56.139431999996305,1609,661
56.16129949997412,1609,662
Index of Difficulty,Size (px),Distance (px)
4.446256229889564,30,327
Timestamp (s),Position X (px),Position Y (px)
56.4904428999871,1273,800
56.55595170002198,1272,800
56.565223500016145,1271,800
56.57090589997824,1271,801
56.57290799997281,1270,801
56.57624229998328,1269,801
56.57930230000056,1268,801
56.59293360001175,1267,801
56.600909399974626,1266,801
56.60992919997079,1265,801
56.613286199979484,1264,801
56.61519340000814,1263,802
56.622236300027,1262,802
56.62491780001437,1261,802
56.628967399999965,1260,802
56.63119769998593,1259,802
56.63191090000328,1259,803
56.63319299998693,1258,803
56.63821529998677,1257,803
56.64123639999889,1256,803
56.64518009999301,1255,804
56.64723890001187,1254,804
56.64825299999211,1253,804
56.651917100010905,1252,804
56.653214399993885,1251,804
56.6552120000124,1250,804
56.655933299975004,1249,805
56.65729619999183,1248,805
56.65824080002494,1248,806
56.65941429999657,1246,806
56.66123949998291,1244,806
56.66219280002406,1243,807
56.663194600027055,1242,808
56.663904700020794,1240,808
56.66489040001761,1238,809
56.66720530000748,1236,809
56.66796529997373,1235,810
56.669240200018976,1233,810
56.67019129998516,1231,811
56.67121910001151,1230,812
56.6722217000206,1228,812
56.673290200007614,1225,813
56.67420479998691,1223,814
56.67516370001249,1222,814
56.675909199984744,1220,815
56.67720959999133,1217,816
56.678210099984426,1215,816
56.67940660001477,1213,816
56.680245299998205,1210,816
56.681174999976065,1209,817
56.682214999978896,1206,817
56.68321480002487,1204,818
56.68393699999433,1203,818
56.68491539999377,1199,820
56.686218500020914,1196,820
56.68719540000893,1194,820
56.6879088000278,1192,820
56.689299800025765,1190,822
56.690215400012676,1188,823
56.69120739999926,1185,823
56.69190490001347,1183,823
56.69290580000961,1181,823
56.69421400001738,1179,824
56.69490330002736,1176,824
56.69620250002481,1174,824
56.69789940002374,1171,825
56.699497500027064,1170,825
56.700043399992865,1168,825
56.70124109997414,1166,826
56.70220880000852,1165,826
56.702902999997605,1163,827
56.70419199997559,1161,827
56.705225399986375,1160,828
56.70634079998126,1157,828
56.70688589999918,1155,829
56.708896500000264,1153,829
56.709912799997255,1151,829
56.71091269998578,1150,829
56.712244700000156,1149,829
56.71318000002066,1147,830
56.71427060000133,1145,830
56.71519110002555,1143,830
56.71626600000309,1142,831
56.716914399992675,1140,831
56.7179019000032,1138,832
56.71923430002062,1136,832
56.720169299980626,1134,833
56.72089529997902,1131,833
56.72188750002533,1129,834
56.72322929999791,1128,834
56.72419500001706,1126,834
56.725180400011595,1123,834
56.726179699995555,1122,834
56.72690619999776,1119,835
56.72823950002203,1118,835
56.72929240000667,1115,835
56.729890700022224,1112,836
56.73089790000813,1111,836
56.73223969998071,1109,837
56.7331726999837,1106,837
56.734188799979165,1101,837
56.73521140002413,1099,838
56.73620139999548,1097,838
56.73727849998977,1096,838
56.73820510000223,1095,838
56.739372099982575,1092,838
56.73990019998746,1089,839
56.74121860001469,1088,839
56.742212200013455,1085,839
56.74290419998579,1082,840
56.74421590002021,1079,840
56.74523739999859,1077,840
56.74618289998034,1072,840
56.74717370001599,1069,840
56.74846799997613,1067,841
56.748930100002326,1065,841
56.74990649998654,1062,841
56.750896400015336,1060,842
56.752220100024715,1058,842
56.75321990001248,1055,842
56.75392659998033,1052,842
56.75520359998336,1051,842
56.756241200026125,1048,842
56.756901199987624,1045,842
56.757900100026745,1044,842
56.759412300016265,1041,842
56.75993160001235,1038,842
56.76127060002182,1037,842
56.76228800002718,1034,842
56.76291749998927,1033,842
56.76428569998825,1031,842
56.76490790001117,1029,842
56.76621550001437,1028,842
56.76688780001132,1025,842
56.76822319999337,1023,843
56.77019070001552,1020,843
56.77121259999694,1019,843
56.77189279999584,1018,843
56.772904000012204,1016,843
56.77422459999798,1015,843
56.77519519999623,1013,843
56.77589679998346,1012,843
56.7782303999993,1010,844
56.77925939997658,1009,844
56.780203600006644,1008,844
56.78118990000803,1007,844
56.78323770000134,1006,844
56.78389879997121,1005,844
56.786902000021655,1004,844
56.789371700026095,1003,844
56.790231899998616,1002,844
56.793302799982484,1001,844
56.79520669998601,1001,845
56.971384099975694,1000,845
56.97422129998449,999,845
56.97722000000067,998,845
56.97890559997177,997,845
56.982213800016325,996,845
56.98425560002215,995,845
56.98621830000775,994,845
56.991236999980174,993,845
56.994202699977905,992,845
57.00031909998506,991,845
57.004903300025035,990,845
57.010239300027024,989,845
57.02119970001513,988,845
57.02523089997703,987,845
57.031909800018184,986,845
57.0362129000132,985,845
57.04023739998229,984,845
57.04124719998799,984,846
57.045257000019774,983,846
57.04722930002026,982,846
57.05090650002239,981,846
57.052906700002495,980,846
57.05519759998424,979,846
57.05825579998782,978,846
57.05991489998996,977,846
57.06323329999577,976,846
57.06522920000134,975,847
57.065899099980015,974,847
57.07022210001014,973,847
57.07219350000378,972,847
57.07590569998138,971,847
57.07822079997277,970,847
57.081184900016524,969,847
57.21894940000493,968,847
57.225258200021926,967,847
57.23223249998409,966,847
57.234228699991945,965,847
57.24191739998059,964,847
57.24892520002322,963,847
57.24990049999906,963,848
57.25823340000352,962,848
Index of Difficulty,Size (px),Distance (px)
4.446256229889564,30,327
Timestamp (s),Position X (px),Position Y (px)
